Player,Position,Team,ES IND XGFP20,ES ACT2XPF,SOO,SOOdiff,SOT%,ES ISF (P20 WOI),ES ISAg (P20 WOI),ES ISF% (WOI),ES P2SAg (P20 WOI),ES XGFP20 (WOI),ES XGAP20 (WOI),ES OPREB (P20 WOI),ES OddMRAg (P20),ES OZSTART %,XGF %,ES CORSIFOR%
"Jacob Trouba","D","Anaheim",0.12880264373647513,-0.12880264373647513,23.356261906780123,-3.4350133201993605,0.14764009318186516,0.4847853702548264,2.2623317278558566,0.17647058823529413,3.7166878386203357,0.40113306048886627,0.8591370510995406,2.423926851274132,0.9695707405096528,0.23232323232323232,0.31829133834118317,0.4260869565217391
"Radko Gudas","D","Anaheim",0.02260561714639314,-0.02260561714639314,22.573438494259047,-3.4201239222661672,0.08282806567144273,1.1989796917916908,1.974790080598079,0.37777777777777777,4.302221247017243,0.5598148668625312,0.8575248847295218,2.821128686568684,0.7758103888063882,0.2831858407079646,0.394975775027624,0.4410058027079304
"Charlie McAvoy","D","Boston",0.040957591490521555,-0.040957591490521555,23.570295580060666,1.1445724331164375,0.08927008363008418,1.6358904449126277,2.3794770107820042,0.4074074074074074,4.461519395216258,0.6606526901847477,0.9426651756069218,2.3794770107820042,0.5948692526955011,0.3836477987421384,0.4120534700450915,0.4744525547445255
"Hampus Lindholm","D","Boston",0.04383509582272306,-0.04383509582272306,20.912544514418045,3.6575906382297037,0.0920302024638624,2.376624576938817,0.9506498307755267,0.7142857142857143,3.4857160461769308,1.0043882084987812,0.4129434359757287,1.9012996615510531,0.6337665538503511,0.2887323943661972,0.7086472756142888,0.5816733067729084
"Bowen Byram","D","Buffalo",0.12452402141252011,-0.12452402141252011,20.304782533215544,4.820179208141824,0.11798630500265196,1.9541397520103596,2.3728839845840084,0.45161290322580644,3.349953860589188,0.696102584571285,0.8488458037285319,2.652046806299774,0.13958141085788284,0.3511450381679389,0.4505668861451943,0.5454545454545454
"Brayden Pachal","D","Calgary",0,0,18.49617535281857,3.4332155949040453,0,6.757708010699685,1.6894270026749212,0.8,3.3788540053498424,2.1477378469511677,0.2646146556009798,6.757708010699685,0,0.5,0.8903084622495963,0.5217391304347826
"Joel Hanley","D","Calgary",0.029616124576688985,-0.029616124576688985,20.400068001729235,-0.5082247863398317,0.031446323166458054,1.7627641260712112,0.629558616454004,0.7368421052631579,2.8959696356884184,0.693698451531653,0.41849847936708806,1.3850289561988087,0.3777351698724024,0.24731182795698925,0.6237190845069955,0.5886792452830188
"Kevin Bahl","D","Calgary",0.05605643119076643,-0.05605643119076643,19.006008954041373,2.2519289152821793,0.08644147137665621,1.393710237317882,1.393710237317882,0.5,2.942277167671084,0.5824210981842094,0.6904879965647326,2.4777070885651233,1.0839968512472415,0.2912621359223301,0.4575512113055342,0.49344978165938863
"Jaccob Slavin","D","Carolina",0.056360918985410485,0.09568376525790336,21.918641159856808,2.3936204204237157,0.10997341801681237,2.888849000622963,1.6724915266764522,0.6333333333333333,3.497027737596218,0.9166951664649131,0.5430609147484883,2.2046479215280503,0.5321563948515984,0.34710743801652894,0.6279783165574644,0.5757009345794393
"Jalen Chatfield","D","Carolina",0.04692926490493583,0.054583558138474986,17.612881262643555,3.4407747535384767,0.0967904120105265,1.8272308147813947,1.624205168694573,0.5294117647058824,2.943871868258914,0.6476931076434783,0.5061860303169895,1.2181538765209299,0.30453846913023247,0.358974358974359,0.5613179806580995,0.5782122905027933
"K'Andre Miller","D","Carolina",0.016551419803147553,-0.016551419803147553,22.639741445853776,-3.680122053716148,0.06861702933668723,0.7451533981064832,2.533521553562043,0.22727272727272727,3.576736310911119,0.3993399782033702,0.8646803272578104,2.682552233183339,0.5961227184851865,0.26605504587155965,0.31592845184371476,0.40963855421686746
"Sean Walker","D","Carolina",0.06247959356162237,-0.06247959356162237,18.13881962690682,-2.065297808642801,0.02584824559059572,0,2.224327552827777,0,3.707212588046295,0.16910136550076865,0.8643646084446429,2.224327552827777,0,0.44,0.16362547946808426,0.4883720930232558
"Shayne Gostisbehere","D","Carolina",0.03648196914299622,-0.03648196914299622,17.835695196621966,3.497887844190881,0.08416877997447701,2.1396399306425904,1.7675286383569224,0.5476190476190477,2.7908346921425093,0.7186425111680551,0.5444057094050155,1.3954173460712547,0.3721112922856679,0.3942307692307692,0.5689747227876956,0.5804020100502513
"Alec Martinez","D","Chicago",0.08715137295835537,0.017675160966859633,23.504446426351834,-2.001924833753144,0.08040872211846704,1.9392908776164777,2.4634235472425527,0.44047619047619047,4.297887890933816,0.9365513483832598,0.8525309922436299,3.302035818644273,1.0482653392521502,0.29473684210526313,0.5234814111770254,0.43975155279503103
"Matt Grzelcyk","D","Chicago",0.12594780545598594,-0.12594780545598594,18.814959502516242,7.031826728878914,0.09972385145670311,1.732726878925707,0.8663634394628537,0.6666666666666666,1.732726878925707,0.8165951589431434,0.4322625319349385,1.732726878925707,0.43318171973142683,0.4423076923076923,0.6538736678387982,0.5913978494623656
"TJ Brodie","D","Chicago",0.0448991680219251,-0.0448991680219251,22.491764472112248,-4.315297344902324,0.06072391464401591,2.030675011415831,2.1273738214832516,0.4883720930232558,3.577855972494559,0.6774422897230021,0.6681315178557312,2.417470251685513,0.48349405033710263,0.25287356321839083,0.5034597774625329,0.47480106100795755
"Brad Hunt","D","Colorado",0,0,22.61151917514223,-10.79181790737069,0,0,0,0,0,0,0,0,0,0,0,0
"Brent Burns","D","Colorado",0.14222404713981038,0.006512620786986442,21.07826533502051,3.6500038253267246,0.20429399968587197,2.82599669060914,1.9335766830483587,0.59375,3.867153366096718,0.9418438638839559,0.5931415253825336,2.0823133509751557,0.5949466717071873,0.3383458646616541,0.6135849047618798,0.5927272727272728
"Cale Makar","D","Colorado",0.044457711639586936,0.12555329185036104,20.90147209729981,9.54524064223508,0.1546600458876633,2.5501650523492194,1.5300990314095317,0.625,2.8901870593291155,0.9422291914014709,0.6120226301521339,2.040132041879376,0.6800440139597919,0.4580152671755725,0.6062268535478594,0.6278195488721805
"Devon Toews","D","Colorado",0.0746140237968988,0.07351522720400222,21.251722958092408,5.67569679858656,0.18326335282841172,1.7775510120108124,2.0738095140126145,0.46153846153846156,2.6663265180162186,0.8800917532840814,0.6716106664568634,2.3700680160144163,0.29625850200180204,0.3776223776223776,0.5671781793257833,0.5536332179930796
"Erik Johnson","D","Colorado",0.10337610131615442,0.1320287951056909,20.48139613610903,-2.0094320486767803,0.07840037892366783,2.354048964218453,0.9416195856873814,0.7142857142857143,1.8832391713747627,0.8209775962841402,0.6276896851912389,2.354048964218453,0,0.1746031746031746,0.5667123202009675,0.4431137724550898
"Josh Manson","D","Colorado",0.1382517251394988,-0.1382517251394988,21.292405449132968,-2.246417774528948,0.04372542191569639,2.9751144076113327,1.8594465047570832,0.6153846153846154,2.9751144076113327,0.9008372790738698,0.9310126386718366,1.8594465047570832,0.7437786019028333,0.1891891891891892,0.49176369218197175,0.3644859813084112
"Samuel Girard","D","Colorado",0.06175984670965143,-0.06175984670965143,20.514382802369383,2.98551453415834,0.1067421366681862,1.404220462612629,1.8722939501501719,0.42857142857142855,2.3403674376877146,0.5464541247601973,0.7107916310273794,2.9644654210711052,0.46807348753754296,0.2702702702702703,0.4346438413052203,0.5060240963855421
"Brendan Smith","D","Columbus",0.040252139092196194,-0.040252139092196194,23.33628159011692,-2.4278185861716,0.041578099631334235,1.9409885562549656,3.8819771125099307,0.3333333333333333,3.8819771125099307,0.6846862347544546,1.0195153670059418,3.8819771125099307,1.4557414171912242,0.2222222222222222,0.40176363761610795,0.5
"Damon Severson","D","Columbus",0.06900315967381736,0.03647496387036471,20.237072537929045,2.708784069189712,0.12950374339401513,1.5821718531627311,1.2657374825301848,0.5555555555555556,3.3752999534138266,0.6793480100514451,0.5415955467937379,2.0040843473394596,0.6328687412650925,0.3466666666666667,0.5564122978844527,0.5192878338278932
"Esa Lindell","D","Dallas",0.044756817452465285,-0.044756817452465285,22.2312166673586,-1.4842258714541616,0.07321382356048681,1.7429013082134217,1.6806548329200852,0.509090909090909,3.8592814681868624,0.6365796998798465,0.8932172643858569,2.8633378634934785,0.6224647529333649,0.14893617021276595,0.41612038378269517,0.4463452566096423
"Kyle Capobianco","D","Dallas",0.035201781319628186,-0.035201781319628186,22.53661793966635,-0.9460338920688193,0.07143319008901726,0,7.711421472024692,0,4.6268528832148155,0.64878850676092,2.9104836920306507,9.253705766429631,0,0.23076923076923078,0.1822812278816984,0.43333333333333335
"Miro Heiskanen","D","Dallas",0.06888483464509079,-0.021433911421475434,21.302201485585858,3.2333262601603057,0.12517820194948498,1.7556841592737682,1.470978619932076,0.5441176470588235,3.7486229346656135,0.6650092132541512,0.7489777913772846,2.4199970844043834,0.5219601554597689,0.40611353711790393,0.47030786780638756,0.518925518925519
"Thomas Harley","D","Dallas",0.07809141155762901,-0.008385921127224766,19.781552575145835,1.6342549352538704,0.10314563943673617,2.30028118420334,1.3244043181776808,0.6346153846153846,3.136747069368191,0.7722358774776582,0.5873396064708902,1.6032262798992978,0.4182329425824255,0.4063926940639269,0.5679977953374765,0.5720081135902637
"Erik Gustafsson","D","Detroit",0.21356262429231762,0.9008159548749943,25.647876122299042,-5.182194990077953,0.17557794405539381,1.114378579167312,2.228757158334624,0.3333333333333333,2.228757158334624,0.8983952949690464,0.8171437003901596,1.114378579167312,0,0.6842105263157895,0.5236810689814352,0.5476190476190477
"Justin Holl","D","Detroit",0.011580762106421531,-0.011580762106421531,21.342832572663134,-2.833699903069177,0.09394438917547109,1.4973173064925343,2.3291602545439423,0.391304347826087,2.1627916649336605,0.5334525599042873,0.621160976729724,1.6636858961028158,0.3327371792205632,0.1702127659574468,0.46201827969160625,0.502262443438914
"Brett Kulak","D","Edmonton",0.09508034271109098,0.021727304296199824,18.825693545065008,2.2851449820133047,0.12679785931166143,1.868922352116653,0.9344611760583265,0.6666666666666666,2.219345293138525,0.5722875725521813,0.4714781276667897,2.219345293138525,0.46723058802916323,0.2857142857142857,0.5482912232430338,0.5749128919860628
"Darnell Nurse","D","Edmonton",0.0871590723786787,-0.0871590723786787,19.536502955704876,4.058674199179329,0.12090259507041883,2.9788008671620303,1.9858672447746868,0.6,3.6738544028331703,0.9328935995858202,0.871848838200008,3.1773875916394987,0.7943468979098747,0.27835051546391754,0.5169123194833014,0.455
"Evan Bouchard","D","Edmonton",0.05392418763818779,-0.05392418763818779,20.256871362899933,6.525173113950862,0.10384464612641123,2.5703728825660894,3.212966103207612,0.4444444444444444,4.498152544490657,0.9316959559246625,0.944239296520909,2.662171914086307,0.550794189121305,0.3827751196172249,0.4966567767784378,0.571764705882353
"Mattias Ekholm","D","Edmonton",0.09502752489989857,-0.002778493514728111,20.61404259195212,5.36928094185374,0.07068055189531389,2.6752219101699435,3.3209651298661367,0.4461538461538462,4.4279535064881825,1.0123454133915455,0.9781619646924744,2.8597199729402845,0.4612451569258523,0.3615023474178404,0.5085866169287889,0.5778301886792453
"Aaron Ekblad","D","Florida",0.051099366545923966,0.0056896857867651945,23.271204909514083,-2.564665981671929,0.07815652903116843,2.157983988642188,2.04440588397681,0.5135135135135135,3.407343139961349,0.7694009226138739,0.7300690868902107,2.4987183026383226,0.6814686279922698,0.2930591259640103,0.5131152458783325,0.47007299270072994
"Casey Fitzgerald","D","Florida",0.0010004515301742976,-0.0010004515301742976,19.459636132529393,4.125091205349713,0.07503179576867687,2.4085100689101453,1.2042550344550726,0.6666666666666666,3.612765103365218,0.9194538577492076,0.9681388773530011,3.612765103365218,1.2042550344550726,0,0.48710393966388166,0.5483870967741935
"Gustav Forsling","D","Florida",0.05860491867870182,-0.010742761690826906,23.56529393680841,-2.459554536239231,0.08819193715981073,1.8666241225271216,2.0102105934907466,0.48148148148148145,3.876834716017868,0.6984516397561644,0.8529803734906427,2.153797064454371,0.7657945118059987,0.2936893203883495,0.4501980323936066,0.4818976279650437
"Niko Mikkola","D","Florida",0.0400756208843831,-0.0400756208843831,21.027477787786776,-0.1614437908070472,0.163819764684813,1.9201365430430588,1.7067880382604967,0.5294117647058824,2.133485047825621,0.87219334311178,0.536722608793142,3.200227571738431,1.2800910286953724,0.4375,0.6190527844705943,0.47191011235955055
"Alexander Edler","D","Los Angeles",0.028535021843314776,-0.028535021843314776,24.999065078344714,-11.38168154858462,0.012290590809074476,0.4455059586421972,2.6730357518531833,0.14285714285714285,3.5640476691375778,0.28562052705680385,0.9160657289557025,5.346071503706367,0.8910119172843944,0.4146341463414634,0.23768311040234724,0.3333333333333333
"Cody Ceci","D","Los Angeles",0.014130845819960934,-0.014130845819960934,20.39940029131338,1.0301826087418022,0.07490236484243966,2.2496049800779034,1.9282328400667745,0.5384615384615384,3.53509354012242,0.8213934591493154,0.8637903398052915,2.999473306770538,0.5356202333518818,0.2569832402234637,0.4874206953917202,0.43258426966292135
"Drew Doughty","D","Los Angeles",0.015349400434258352,-0.015349400434258352,24.464647946779568,-6.264468376983862,0.06256551114846506,2.0974507905776045,3.5495321071313306,0.37142857142857144,3.87221684414327,0.7189104027023446,1.0071724974653982,3.7108744756373,0.6453694740238783,0.25688073394495414,0.41649818941632527,0.5109170305676856
"Mikey Anderson","D","Los Angeles",0.01715428127330716,-0.01715428127330716,24.741484197126724,-6.357297943998219,0.06822762852213196,1.9058069359822116,3.118593167970892,0.3793103448275862,4.158124223961189,0.6481295362795989,1.017142155501819,3.9848690479628064,0.8662758799919144,0.24271844660194175,0.38920347921501314,0.5117370892018779
"Brock Faber","D","Minnesota",0.05187957711113668,-0.05187957711113668,19.347625455866616,0.06665598091126758,0.06196003543027761,1.5207840486650857,1.5207840486650857,0.5,2.0277120648867806,0.6271890447325182,0.5555251910808837,2.0277120648867806,0.25346400811084757,0.4177215189873418,0.5302963520187732,0.5223880597014925
"Jack Johnson","D","Minnesota",0.00866169495789441,-0.00866169495789441,22.484022183469985,-6.5071882005876285,0,0,2.460226340823353,0,2.460226340823353,0.29435331272609727,0.5623750045199942,1.4761358044940116,0,0.10344827586206896,0.3435783629427362,0.35064935064935066
"Jacob Middleton","D","Minnesota",0.06733290895831684,-0.06733290895831684,22.549630269280694,-4.748150060872629,0.0851435729799507,1.6138793625176506,2.0173492031470635,0.4444444444444444,3.026023804720595,0.6112074343834631,0.5883904871264413,1.815614282832357,0.8069396812588253,0.2828282828282828,0.5095102479121932,0.4630541871921182
"Jared Spurgeon","D","Minnesota",0.03362178851496404,-0.03362178851496404,23.39285692148375,-2.341189354415221,0.1091322562131115,1.628121272422,2.2386667495802497,0.42105263157894735,3.0527273857912496,0.5199463723304555,0.6414776506758143,2.0351515905274997,0.4070303181055,0.3333333333333333,0.4476800565779658,0.5047619047619047
"Jon Merrill","D","Minnesota",0.04019349003059928,-0.04019349003059928,21.863364846019742,-3.367761048675775,0.02885773278793431,0.7916959887403249,1.5833919774806497,0.3333333333333333,2.3750879662209745,0.31342139599660035,0.5240617909801005,1.5833919774806497,0,0.32,0.3742420156851696,0.5
"Jonas Brodin","D","Minnesota",0.050242100662597086,-0.050242100662597086,21.18493263310604,-0.5729772988293816,0.0699694593116843,1.5650586172417305,1.2172678134102346,0.5625,2.086744822988974,0.7421262807295899,0.49009544337806604,1.7389540191574782,0,0.27102803738317754,0.6022668373802768,0.5087719298245614
"Zach Bogosian","D","Minnesota",0.07314875967469757,-0.07314875967469757,13.843741665010006,4.66553794418677,0.08380069687510039,2.876778008630343,1.4383890043151717,0.6666666666666666,2.1575835064727573,0.9108412616322253,0.8101075270457466,1.0787917532363787,0.35959725107879287,0.425,0.5292669181236538,0.6774193548387096
"Noah Dobson","D","Montreal",0.08927832172672982,-0.08927832172672982,24.845662632345082,1.1624480433762396,0.1384134743329107,3.5596296123958866,2.5126797263970966,0.5862068965517241,1.8845097947978222,0.8966522911054063,0.7422803620809603,2.9314596807966127,0.6281699315992741,0.46601941747572817,0.5470952631044115,0.543778801843318
"Adam Pelech","D","NY Islanders",0.06712353149617074,0.11141158784959747,26.378861448650028,-3.972539859983289,0.07236399051290326,3.392167267569596,2.499491670840755,0.5757575757575758,4.641913102989974,0.7192959032191945,0.6531589859308583,2.320956551494987,0.1785351193457682,0.2972972972972973,0.5240943865664299,0.48945147679324896
"Alexander Romanov","D","NY Islanders",0.00014580902236938713,-0.00014580902236938713,25.058173636258623,-3.361463207216509,0.03764566265891903,1.6077314016738258,2.572370242678121,0.38461538461538464,3.5370090836824164,1.0122809055875364,1.046562836741291,4.1801016443519465,0.3215462803347651,0.2923076923076923,0.4916744698859523,0.4444444444444444
"Ryan Pulock","D","NY Islanders",0.06443817356238818,0.0979873813915914,24.917944185871402,-3.074146259089101,0.1606943084021262,1.9491066594477549,2.7612344342176525,0.41379310344827586,4.872766648619387,0.7864771049128602,0.9919342326424404,3.73578776394153,0.6497022198159182,0.2589928057553957,0.44223576869117,0.4085603112840467
"Samuel Bolduc","D","NY Islanders",0.026875023133385325,-0.026875023133385325,26.838900850478392,-4.208313938942573,0,4.309484856949045,5.7459798092653935,0.42857142857142855,5.7459798092653935,1.512703300904835,2.241273747865517,5.7459798092653935,1.4364949523163484,0.5714285714285714,0.40296018895489366,0.5384615384615384
"Scott Mayfield","D","NY Islanders",0.024088642392042073,-0.024088642392042073,25.161428393813612,-5.883178114606359,0.04368456763974233,0.797280388009789,1.1959205820146834,0.4,3.9864019400489448,0.4015306072201205,0.6863617556733351,3.189121552039156,0.5979602910073417,0.27058823529411763,0.3690903814713561,0.38235294117647056
"Sebastian Aho","D","NY Islanders",0.027614714790521397,-0.027614714790521397,24.175301090803185,-4.607099769842713,0.04061797261971206,1.3136480736810614,1.3136480736810614,0.5,4.203673835779397,0.4422767854652989,0.8332864566960483,3.9409442210431846,0.5254592294724246,0.29508196721311475,0.34673058210417995,0.39880952380952384
"Adam Fox","D","NY Rangers",0.04070854500712887,-0.04070854500712887,22.90879041026138,-2.9177400906877398,0.15595562169908414,1.8326672945249054,1.6494005650724148,0.5263157894736842,2.9322676712398485,0.6560144262125401,0.5748531806395321,1.8326672945249054,0.5498001883574716,0.4778761061946903,0.5329691207735074,0.5027624309392266
"Braden Schneider","D","NY Rangers",0.073774447666289,0.12801022566674553,21.546462182350258,-1.9088071315140822,0.08055330844295046,1.816062059997311,2.6232007533294492,0.4090909090909091,3.4303394466615873,0.7717181913954164,0.7748757830569183,3.8339087933276566,1.0089233666651727,0.44285714285714284,0.49897917885571097,0.4106280193236715
"Carson Soucy","D","NY Rangers",0.06987848058186769,0.03835124783967993,21.461620400940813,-1.9618135608249632,0.05841773215514631,2.164594568430952,1.8399053831663095,0.5405405405405406,3.5715810379110713,0.7590538333132586,0.6323688105041403,3.7880404947541666,0.8658378273723809,0.44594594594594594,0.5455235594202905,0.45879120879120877
"Vladislav Gavrikov","D","NY Rangers",0.038537594940223976,-0.038537594940223976,25.05371121520712,-7.106281172116794,0.08531686728236908,2.508198924062288,2.329041858057839,0.5185185185185185,1.9707277260489406,0.7353485126838045,0.7793588119915211,1.7915706600444916,0.7166282640177967,0.34234234234234234,0.48547234221728275,0.547945205479452
"William Borgen","D","NY Rangers",0.025993545922044812,0.06144931866733561,24.987844565016072,-6.356128810830118,0.0545082796594835,0.7869857813044238,2.448400208502652,0.24324324324324326,4.896800417005304,0.4636993360521518,0.9388223160720922,3.0605002606283147,0.4372143229469021,0.18048780487804877,0.3306183083518446,0.4541284403669725
"Brady Skjei","D","Nashville",0.11771615739774478,-0.04674145790659393,22.77139475995632,0.6854494805070249,0.12313433663932447,2.058266285243375,2.058266285243375,0.5,4.96822896438056,0.8376752653052564,0.7234745726963303,2.6970385806637327,0.28389879796460343,0.38613861386138615,0.5365758269414783,0.5339285714285714
"Nick Perbix","D","Nashville",0.020039673982585417,-0.020039673982585417,19.973094286490344,3.0419965415602843,0.07677702485263409,3.2879538397068795,2.707726691523313,0.5483870967741935,2.707726691523313,0.8501344475987156,0.8172205802668769,3.481362889101402,0.38681809878904466,0.358695652173913,0.5098700836899662,0.5523809523809524
"Brenden Dillon","D","New Jersey",0.15976661187621155,-0.15976661187621155,22.23275575069232,-2.2478178166165566,0.13160886053842805,1.5529385664898046,1.7747869331312052,0.4666666666666667,4.215118966186612,0.5109065356128804,0.6702269243042319,2.218483666414006,0.665545099924202,0.22988505747126436,0.43255614454333885,0.5308641975308642
"Brett Pesce","D","New Jersey",0.10543169083746862,0.03601102486267273,22.91073602489257,0.7131677902560418,0.16720124703772005,1.6973125884016962,2.2630834512022613,0.42857142857142855,4.667609618104664,0.791593648534784,0.7133011820736301,2.8995756718528973,0.5657708628005653,0.39933993399339934,0.5260126039603382,0.5216637781629117
"Dougie Hamilton","D","New Jersey",0.07579836528962394,-0.07579836528962394,20.70569537096617,2.268986236095502,0.11295761212329686,2.648512445118252,2.0809740640214835,0.56,3.121461096032225,0.7956197821907489,0.6650817534694723,2.1755637942042783,0.5675383810967682,0.3605769230769231,0.5446833338414596,0.5277777777777778
"Jonas Siegenthaler","D","New Jersey",0.024040746729469584,0.07460857957783941,20.515837800129322,0.9625140553630036,0.07042843678720186,2.8608304629119607,1.8743371998388707,0.6041666666666666,3.156778441833888,0.7732910591416592,0.6963933218085575,2.2689345050681067,0.591895957843854,0.3225806451612903,0.5261613099825501,0.4912718204488778
"Luke Hughes","D","New Jersey",0.016990752686064918,-0.016990752686064918,21.6453846737629,-5.11119298723617,0.028777415046654858,2.3098145732189894,1.539876382145993,0.6,4.234660050901481,0.558364852991575,0.6235404111668292,1.9248454776824913,0,0.24074074074074073,0.4724277570496889,0.46464646464646464
"Marc Staal","D","Philadelphia",0.029733228520209952,-0.029733228520209952,22.842517526475135,-1.05494900882539,0.04778432718430492,1.6691678425541983,2.559390691916437,0.39473684210526316,4.840586743407175,0.6116713107714,1.0143412439639046,3.3939746131935364,0.7789449931919592,0.36548223350253806,0.37617871337467795,0.4773936170212766
"Connor Clifton","D","Pittsburgh",0.0673643991012855,-0.0673643991012855,16.693295144451834,6.700768567347528,0.13940038749449804,1.8191235361740314,3.183466188304555,0.36363636363636365,4.093027956391571,0.8319236979895717,1.4978081498975915,5.457370608522094,1.3643426521305235,0.3333333333333333,0.3570898937334974,0.4807692307692308
"Matt Dumba","D","Pittsburgh",0.045059801081788475,-0.045059801081788475,22.071090141148904,-2.873045251424594,0.15048081747514053,1.1102030746457372,1.1102030746457372,0.5,2.5904738408400534,0.6625665658101364,0.5439786661896565,2.2204061492914744,0.5551015373228686,0.2553191489361702,0.549143578075364,0.46296296296296297
"Ryan Graves","D","Pittsburgh",0.04481367680537305,-0.04481367680537305,20.490301338689218,0.18841324218342623,0.06519038747591975,1.6804851862358197,1.5512170949869104,0.52,3.8780427374672763,0.4893038997293066,0.7122710369161034,2.5853618249781842,0.5170723649956368,0.25757575757575757,0.40721879660319704,0.5183823529411765
"Dmitry Orlov","D","San Jose",0.09381519349004384,-0.09381519349004384,22.953135155686287,1.7448846484581628,0.11455718463309139,2.3294336887876566,2.6400248472926773,0.46875,4.5035717983228025,0.9956972007094077,0.9875301804422637,1.8635469510301252,0.6211823170100418,0.3515625,0.5020590226679912,0.5076335877862596
"John Klingberg","D","San Jose",0.10097460265756951,0.280405569811019,18.73393586430241,4.265947432543887,0.16388932282465984,1.5255206898743539,1.1441405174057655,0.5714285714285714,1.9069008623429424,0.9517870027770649,0.5168853089350149,1.9069008623429424,1.1441405174057655,0.5434782608695652,0.6480594719373005,0.5888888888888889
"Timothy Liljegren","D","San Jose",0.0560720210067892,-0.0560720210067892,20.691737022607356,-2.3235767185717067,0.10274475748748794,2.3430254315885417,1.4643908947428383,0.6153846153846154,3.80741632633138,0.7640580396372076,0.7483835405696467,2.635903610537109,0.5857563578971354,0.5,0.5051818527316001,0.4634146341463415
"Vincent Desharnais","D","San Jose",0.030283277870617464,-0.030283277870617464,18.753287752074627,1.679271142516745,0.05258730186462087,1.3388263781853937,1.9338603240455687,0.4090909090909091,1.785101837580525,0.5634949278301361,0.6017516162741596,2.6776527563707875,0.595033945860175,0.2824427480916031,0.4835842943977874,0.539906103286385
"Adam Larsson","D","Seattle",0.09791085659780274,0.034530362494187686,23.82017602832912,-2.352299864201774,0.11783853444674135,1.5230740195578898,1.854177067287866,0.45098039215686275,3.5759129154837415,0.6605095766707975,0.6793852413687469,2.582603772293813,0.7946473145519425,0.37658227848101267,0.4929562886415341,0.5058236272878536
"Brandon Montour","D","Seattle",0.1598355395913739,0.12351709932684868,22.262714872198096,0.6883025432197039,0.1700025229210284,1.8890175927881503,2.550173750264003,0.425531914893617,4.439191343052154,0.7198766994285041,1.0287673408916067,3.0696535882807443,1.0861851158531866,0.3911007025761124,0.41167709541200953,0.5066079295154186
"Jamie Oleksiak","D","Seattle",0.01980132913268924,0.06198086851852605,25.5498223932061,-7.234574825394428,0.08533403257809924,0.7360397788609376,2.453465929536459,0.23076923076923078,5.234060649677779,0.44960579998929645,0.8465914003105103,3.025941313094966,0.4906931859072918,0.2,0.34686527627532593,0.4519650655021834
"Joshua Mahura","D","Seattle",0.03350812071987854,-0.03350812071987854,20.77215500239271,-1.4881982717056899,0.10007397169736197,1.7159549766098996,1.7159549766098996,0.5,3.3501978114764706,0.7491943782969935,0.7301778314354779,3.0233492445031565,0.24513642522998566,0.2857142857142857,0.5064272353963424,0.4957627118644068
"Justin Schultz","D","Seattle",0.06502706488346717,0.14755872233941833,20.143562121232087,0.959807528134139,0.09985579243997386,2.2321507658402977,1.700686297783084,0.5675675675675675,3.1887868083432824,0.8419078526080298,0.5818527886116308,3.1887868083432824,0.31887868083432824,0.5,0.5913268201365728,0.49591280653950953
"Ryan Lindgren","D","Seattle",0.06307070681492047,0.11405977930985804,22.636730201588396,-2.970973037929912,0.07036669880470474,1.7713048612477853,2.125565833497342,0.45454545454545453,3.0112182641212346,0.5797289412933002,0.745282084715232,1.9484353473725637,0.7085219444991141,0.4158415841584158,0.4375276355546094,0.4587628865979381
"Vince Dunn","D","Seattle",0.05272059146541931,0.01660013473850842,23.739410459382444,-2.050533528211144,0.07019168283616098,1.5943767026903377,2.2182632385256875,0.41818181818181815,3.7433192150120975,0.7638237497284672,0.765493892234718,2.4262254171374704,0.6238865358353496,0.3782894736842105,0.49945395826856914,0.5152027027027027
"Philip Broberg","D","St. Louis",0.08165753524264702,-0.08165753524264702,17.319768886594986,5.716981138399463,0.06778242387743756,1.6579623642543324,1.3263698914034658,0.5555555555555556,3.647517201359531,0.5607669692062518,0.5266206741393539,2.6527397828069317,0.33159247285086646,0.42857142857142855,0.5157010681866122,0.55
"Ryan Suter","D","St. Louis",0.042010573123745606,-0.042010573123745606,21.19644661457374,2.706820886114497,0.0977469443986359,1.5034583863168,1.3997716010535726,0.5178571428571429,3.369820521054897,0.612454196904641,0.6549319116447649,2.281109275791007,0.8813376747374345,0.36930455635491605,0.4832419992401755,0.5162162162162162
"Darren Raddysh","D","Tampa Bay",0.07843379467161989,0.08487594947644755,21.428562672077387,0.7871801384501746,0.12749616303320144,1.469787697332607,2.286336418072944,0.391304347826087,5.71584104518236,0.5682980248749672,0.7732687987147375,3.429504627109416,0,0.4083333333333333,0.42360769130704995,0.48760330578512395
"Erik Cernak","D","Tampa Bay",0.1204027005883517,-0.1204027005883517,27.73987732162108,3.565822651395142,0.07540657898528634,0,2.360655737704924,0,14.163934426229545,0.1204027005883517,0.8076240325071794,4.721311475409848,0,0.125,0.12974055196312695,0.25
"Victor Hedman","D","Tampa Bay",0.0977586928091042,-0.0977586928091042,18.840368869337265,5.850407456319024,0.12917531024711817,2.8135821469796043,2.8135821469796043,0.5,3.0300115429011125,0.8600025313154342,0.8626771316957179,3.6792997306656363,0.6492881877645241,0.34146341463414637,0.4992237093065786,0.5612244897959183
"Brandon Carlo","D","Toronto",0.06503769068848507,-0.06503769068848507,20.862266570032773,3.5446583903180557,0.10621894639064029,2.855117649683014,1.6060036779466953,0.64,3.5688970621037677,0.9139017479173778,0.5457901981925385,1.7844485310518838,0.8922242655259419,0.2605042016806723,0.6260922041482306,0.518348623853211
"Jake McCabe","D","Toronto",0.07330434464841036,-0.07330434464841036,22.831698363697686,-5.649210862960117,0.0841861468376218,1.306974159333555,2.211802423487555,0.37142857142857144,3.3177036352313323,0.43127780949720634,0.7326683001380447,2.5134118448722216,0.10053647379488886,0.2564102564102564,0.37053073671285097,0.4135135135135135
"Jani Hakanpaa","D","Toronto",0.01502055887682937,0.06927665060454608,21.573517564894683,-1.5413038434922417,0.05310229542354442,1.9388358180716352,1.4330525611833826,0.575,3.7090772171805195,0.5515954169558713,0.7677906193813733,2.697510703404014,0.42148604740687723,0.12562814070351758,0.4180697701539715,0.4444444444444444
"Mark Giordano","D","Toronto",0.060095684627384474,-0.060095684627384474,21.79103603888269,-3.241713695718187,0.14018432962021785,1.738214379773505,3.47642875954701,0.3333333333333333,2.686331314195417,0.6928218712219326,1.0663755836965028,3.318409270476691,0.6320779562812745,0.37037037037037035,0.393828372866794,0.4691358024691358
"Morgan Rielly","D","Toronto",0.07071051056155868,0.20557498444995342,20.992650023067434,3.114226341113423,0.13286750590154048,3.5917114351496573,1.1972371450498858,0.75,3.1312356101304704,1.0975473466849623,0.5770360203249011,2.8549501151189585,0.5525709900230242,0.39712918660287083,0.6554151726973995,0.5257270693512305
"Ian Cole","D","Utah",0.08087269149498752,0.15458455339362817,22.04638667592766,-2.2201189475383027,0.047466957406919,3.767315918217851,3.060944183552004,0.5517241379310345,4.473687652883698,0.8566012975894314,0.9029666897271446,3.531858673329235,0.9418289795544628,0.27848101265822783,0.4868247795845551,0.5454545454545454
"John Marino","D","Utah",0.02600373699974126,-0.02600373699974126,21.699559215630924,-1.2200707588902107,0.05587878377080032,1.848931984982565,2.403611580477335,0.43478260869565216,3.8827571684633866,0.5824204609028535,0.8346152335954353,2.958291175972104,0.5546795954947695,0.26373626373626374,0.4110132604027758,0.4951219512195122
"Mikhail Sergachev","D","Utah",0.04148706857706309,0.12591508254057873,22.428219569793338,-0.4061628748861166,0.06954670828422249,1.5066193600587763,2.678434417882269,0.36,5.691673137999821,0.5483051662369933,0.8400487875711509,3.6828473245881197,0.3348043022352836,0.4152542372881356,0.3949318289713052,0.4896265560165975
"Nate Schmidt","D","Utah",0.16357795096950037,-0.16357795096950037,20.016117587949548,1.6525500406695162,0.2087158856395518,0.8394592483341978,1.0493240604177472,0.4444444444444444,3.5677018054203407,0.6421453132795445,0.7842540212834214,2.3085129329190437,1.2591888725012967,0.34177215189873417,0.4501862120373824,0.5253164556962026
"Sean Durzi","D","Utah",0.07562369064440425,0.1668528026066664,21.84020729813955,-5.443193832664587,0.07927262159296775,0.7274294797532119,2.4247649325107066,0.23076923076923078,3.63714739876606,0.5131297759649083,0.7485987197943572,3.63714739876606,0,0.44594594594594594,0.4066879504501673,0.40268456375838924
"Derek Forbort","D","Vancouver",0.006080732810502464,-0.006080732810502464,21.019203686782415,2.790108684117077,0.04821766594266841,1.567251898427153,2.4628244118140974,0.3888888888888889,3.582290053547778,0.8646005638216427,0.9935746791674365,4.253969438587987,0.22389312834673614,0.1917808219178082,0.4652954919530828,0.43783783783783786
"Alex Pietrangelo","D","Vegas",0.08715261342586487,-0.034213305401442226,24.180236512334798,-1.6978830371048461,0.1161482153594735,2.276390245050174,2.6999047092455553,0.4574468085106383,4.446901874051503,1.0442078721978767,0.919159764831723,3.335176405538627,0.4235144641953812,0.32908163265306123,0.5318453113435597,0.4650602409638554
"Ben Hutton","D","Vegas",0.0054539694918860964,-0.0054539694918860964,18.679488632261915,2.631329673790068,0.05761394493944794,4.057984083684648,0,1,2.434790450210789,1.1405172614464236,0.2931826862697401,4.869580900421578,0,0.3333333333333333,0.7955062447084759,0.5
"Brayden McNabb","D","Vegas",0.03378619623863386,-0.03378619623863386,22.461923813796545,0.118534087558382,0.08865913178525836,2.125081371267785,1.652841066541611,0.5625,3.482772247355537,0.9079712649871554,0.6759218516524444,2.7153817521755035,0.5903003809077182,0.39747634069400634,0.5732528637497424,0.47266881028938906
"Nicolas Hague","D","Vegas",0.06248255676179055,0.04297749072452525,22.21341377497529,-1.4698934317604566,0.08277118101885707,1.8455508310105266,1.2655205698357896,0.5932203389830508,3.0056113533600004,0.8075450509185595,0.6525070410373379,2.26739102095579,0.527300237431579,0.2630057803468208,0.5530933145246658,0.4235294117647059
"Shea Theodore","D","Vegas",0.12639891599475234,-0.06847985145199917,21.24567760562147,2.5608744665295244,0.09195948171435042,2.37468164625288,1.390057549026076,0.6307692307692307,3.1855485498514247,1.0195708420443508,0.5811798552129263,2.316762581710127,0.5791906454275317,0.4485981308411215,0.6369329363974549,0.5140625
"Zach Whitecloud","D","Vegas",0.0482767874008279,0.06213877383226849,21.615720118066104,-0.8482967404798547,0.05551581052271274,1.8770645409626385,1.3249867347971567,0.5862068965517241,3.091635714526699,0.7580723815530757,0.6409611829332498,2.263519005278476,0.7729089286316747,0.2552552552552553,0.5418543205798014,0.43661971830985913
"Matt Roy","D","Washington",0.10836859548403771,0.07434006033853183,25.613642177675974,-7.707035306562557,0.06468129832613535,2.923338493161113,2.192503869870835,0.5714285714285714,2.192503869870835,0.9377596808736549,0.8751947098816056,1.8270865582256957,0.5481259674677087,0.34545454545454546,0.5172549765485235,0.5529953917050692
"Colin Miller","D","Winnipeg",0.04286064279120234,-0.04286064279120234,20.060445456663356,2.174168415255243,0.15097562294167352,2.156850997543585,1.4379006650290564,0.6,3.5947516625726412,0.720498388852752,0.7019991138102415,1.8692708645377736,0.5751602660116226,0.2986111111111111,0.5065023928013507,0.5478927203065134
"Dylan DeMelo","D","Winnipeg",0.008130442410660266,-0.008130442410660266,20.692573209285793,-2.3407591107727552,0.10973226877275098,1.0060193491054827,1.6096309585687725,0.38461538461538464,4.2252812662430275,0.5155517081149728,0.9849274658538417,2.414446437853159,0.6036116094632897,0.2755102040816326,0.3435913787135894,0.4942528735632184
"Dylan Samberg","D","Winnipeg",0.01919601123019678,-0.01919601123019678,18.30850445678938,0.6862712500950631,0.13289174939404777,0.3050072015589257,1.5250360077946283,0.16666666666666666,1.8300432093535541,0.5047868351458917,0.4530895340131643,2.7450648140303313,0,0.3333333333333333,0.5269853724328296,0.5436893203883495
"Haydn Fleury","D","Winnipeg",0.041764897634437005,-0.041764897634437005,15.821702260442246,-1.876162126798317,0,0,1.4424232710954463,0,4.327269813286339,0.1361973370850135,1.1161068929486984,0,0,0.4,0.10875738803609014,0.42857142857142855
"Josh Morrissey","D","Winnipeg",0.13864384975865998,-0.13864384975865998,18.338182643229537,5.3648802131945095,0.08273505325278695,1.9339762013484096,1.4504821510113073,0.5714285714285714,3.384458352359717,0.949196137783252,0.7069628916761058,2.417470251685512,0.9669881006742048,0.4090909090909091,0.5731310344593603,0.5194805194805194
"Logan Stanley","D","Winnipeg",0,0,22.59922815318914,-4.391653838694461,0.12189883630306471,2.2194821208384727,0,1,6.658446362515418,0.5777831973666478,1.7213737975654426,0,0,0.14285714285714285,0.2513021940825375,0.5294117647058824
"Luke Schenn","D","Winnipeg",0.03158331817531727,-0.03158331817531727,21.105232590165027,-1.4799753394438566,0.07467539580181556,2.822302724632756,1.0583635217372835,0.7272727272727273,3.0574946183521527,0.9417022894597995,0.5758485567296616,3.0574946183521527,0.4703837874387927,0.3407821229050279,0.6205408483177973,0.4878048780487805
"Neal Pionk","D","Winnipeg",0.01315909229653113,-0.01315909229653113,21.910261326413917,-0.23249564783362944,0.10393604572830233,1.8786986880420837,2.2544384256505006,0.45454545454545453,3.7573973760841675,0.5657741550844341,0.8948799432012564,2.4423082944547088,0.5636096064126251,0.32989690721649484,0.3873430100586168,0.5514018691588785
