Player,Position,Team,ES IND XGFP20,ES ACT2XPF,SOO,SOOdiff,SOT%,ES OZ F/O Wins,ES OZ F/O Win %,ES DZ F/O Wins,ES DZ F/O Win %,ES ISF (P20 WOI),ES ISA (P20 WOI),ES ISF% (WOI),ES OZSTART %,ES XGFP20 (WOI),ES XGAP20 (WOI),XGF %,ES CORSIFOR%
"Chris Kreider","F","Anaheim",0.29616551083190845,0.07694174714066815,25.4293161200894,-2.4673237752967587,0.21567428505461894,0,0,0,0,1.8655362898628827,2.3319203623286033,0.4444444444444444,0.3130081300813008,0.7167502165896468,0.9543506369925403,0.4289090123155728,0.425
"Casey Mittelstadt","F","Boston",0.308074659858823,0.044212597780591285,23.869189332204446,6.676716242365239,0.26305016432223016,14,0.35,23,0.46,3.1705853187547284,1.7614362881970713,0.6428571428571429,0.3855421686746988,1.2435675480813273,0.7484964720338999,0.6242608347543948,0.5378151260504201
"David Pastrnak","F","Boston",0.34602044662867903,-0.15964549128101213,24.021879780131574,-1.741337728855187,0.30661206683362724,4,0.5714285714285714,0,0,2.236499464172003,2.3296869418458366,0.4897959183673469,0.45147679324894513,0.7685832421742586,1.0220449184003961,0.42922548583598863,0.4930875576036866
"Elias Lindholm","F","Boston",0.20423889380040747,0.016011947435444377,21.63930141109569,0.36377013274479425,0.298015989548349,16,0.45714285714285713,43,0.5,1.5417558886509626,1.6518813092688884,0.4827586206896552,0.22641509433962265,0.6900307788321475,0.8414047831511849,0.4505777428457403,0.43909348441926344
"Jakub Lauko","F","Boston",0.15156123294623436,0.290856827542147,25.782510587337388,-11.30264854947367,0.1768343262722465,0,0,0,0,0.44241806048838134,3.0969264234186693,0.125,0.21052631578947367,0.3458232031190835,0.9959628517190632,0.25773349027747827,0.40963855421686746
"John Beecher","F","Boston",0.769284421595997,-0.5737257757309756,21.81517364291665,-1.833101629092582,0.3920306049834724,8,0.4444444444444444,28,0.5,2.151145104515235,1.5644691669201711,0.5789473684210527,0.1968503937007874,1.0882152918371117,0.9031453822508079,0.5464682043776599,0.3286384976525822
"Mikey Eyssimont","F","Boston",0.23050182080472353,-0.23050182080472353,21.125135324685235,-5.006924685539862,0.3260435095471412,0,0,0,0,0.692954005177906,1.732385012944765,0.2857142857142857,0.26666666666666666,0.5653477276833978,0.6606246592637836,0.46114230116649,0.5760869565217391
"Morgan Geekie","F","Boston",0.15688713814300756,0.15650879699564096,24.42676633040721,-2.073114807495352,0.30982469847007427,25,0.46296296296296297,21,0.4883720930232558,1.5669796756932426,2.19377154597054,0.4166666666666667,0.3684210526315789,0.5788588397630995,0.7707663937291739,0.42890339139944195,0.44473007712082263
"Patrick Brown","F","Boston",0,0,19.43915166318115,-8.174097481689005,0,0,0,2,0.5,2.364066193853423,2.364066193853423,0.5,0.07692307692307693,0.4192396517567056,0.8256461408235259,0.33676956894797727,0.25
"Pavel Zacha","F","Boston",0.17885631148001171,-0.0662183299526407,24.832413881426763,-4.144200034159454,0.23450970916138542,20,0.4166666666666667,21,0.5833333333333334,1.9148456859653074,2.4780355936021623,0.4358974358974359,0.3756345177664975,0.7120885925472632,0.9923431885146345,0.41778650249270555,0.4648318042813456
"Tanner Jeannot","F","Boston",0.11225640582083522,-0.11225640582083522,16.910593989515025,-6.108317242104461,0.11118576074825334,0,0,0,0,1.1523318715790147,1.7284978073685222,0.4,0.10526315789473684,0.29159259002235477,0.5414942821188036,0.35001462605324457,0.40816326530612246
"Viktor Arvidsson","F","Boston",0.2538992343414903,-0.2538992343414903,22.726962877469386,0.4400558595036017,0.2637759038462812,0,0,0,0,1.8839994617144362,1.3457139012245973,0.5833333333333334,0.4864864864864865,0.7259453342049842,0.908764490212703,0.4440820770521636,0.5732484076433121
"Beck Malenstyn","F","Buffalo",0.03782748453088681,-0.03782748453088681,22.594499535450872,-11.915198747836408,0.162063166982095,0,0,0,0,1.1497373169602223,1.7246059754403336,0.4,0,0.273647222677759,0.8153931774967145,0.25127371090541584,0.38333333333333336
"Jason Zucker","F","Buffalo",0.1261819738453889,0.14036227990474048,20.369517908541667,0.2873734292361406,0.1784755804670229,0,0,0,0,2.1323540300010353,0.5330885075002588,0.8,0.234375,0.8138817484521235,0.5638218553752544,0.5907524275839089,0.4365079365079365
"Ryan McLeod","F","Buffalo",0.1710436534273543,0.054767384550717044,22.300650630827977,-4.247328211952774,0.29666603553868764,23,0.575,19,0.5757575757575758,1.65594761183919,1.4301365738611187,0.5365853658536586,0.29130434782608694,0.6373659347958714,0.8085230460403537,0.4408124989148567,0.44516129032258067
"Ryan Lomberg","F","Calgary",0.14154300110358967,-0.14154300110358967,18.167479816950582,-3.937899885442783,0.2239180921118988,0,0,0,0,1.4433919711321608,1.4433919711321608,0.5,0.3018867924528302,0.32780253403138493,0.542987097275928,0.3764428539867389,0.5168539325842697
"Andrei Svechnikov","F","Carolina",0.1753883539737973,-0.054616622610384975,22.439649898404337,11.192989881006085,0.29135572802409665,0,0,0,0,3.5023802095389565,1.5700325077243598,0.6904761904761905,0.47586206896551725,1.2139583459501448,0.7666299110716762,0.6129281750743863,0.6271676300578035
"Evgeny Kuznetsov","F","Carolina",0.2396820539665269,0.4049401258114355,20.21611776073299,7.836428080977192,0.27113775134749474,13,0.5652173913043478,8,0.5714285714285714,2.7933627790378375,3.2231108988898125,0.4642857142857143,0.3582089552238806,0.8700120238419369,1.314711722719408,0.39822518760612,0.5668202764976958
"Jack Roslovic","F","Carolina",0.10042859101514699,-0.10042859101514699,24.854672853547456,-3.7943564895734485,0.2884799452031866,3,0.375,0,0,1.9913881197977175,2.6202475260496283,0.4318181818181818,0.296969696969697,0.7670025459009734,0.8976069364358104,0.4607702611571408,0.4386422976501306
"Jesperi Kotkaniemi","F","Carolina",0.1484485376630518,-0.1484485376630518,21.134587059715457,3.0259130023948377,0.28785150576284746,9,0.5294117647058824,1,0.16666666666666666,1.9693262517156989,2.3273855702094624,0.4583333333333333,0.4875,0.5939775932115559,0.9660665595360787,0.3807440912267838,0.5151515151515151
"Jordan Martinook","F","Carolina",0.16029290906332827,0.10476671094425534,22.642108380595207,6.726601467099458,0.24266368334873697,4,0.4444444444444444,3,1,1.5903577200455015,1.7228875300492934,0.48,0.29411764705882354,0.8675057145152443,0.5862592073120227,0.5967303939517667,0.5861027190332326
"Jordan Staal","F","Carolina",0.5408443479324035,-0.4077997706076344,24.055096273240203,4.438673234079017,0.2889978844749707,15,0.5357142857142857,31,0.4626865671641791,2.926980701144923,2.128713237196308,0.5789473684210527,0.18674698795180722,1.1621781509529732,0.7125992826837928,0.619901930811347,0.5538922155688623
"Logan Stankoven","F","Carolina",0.18750505196958442,-0.035822321680439306,23.257625016047015,3.7022843720746317,0.2740554870879522,1,0.25,2,1,1.440985937746878,1.8201927634697408,0.4418604651162791,0.28936170212765955,0.7170151791174408,0.7219799384935611,0.4982749213964109,0.48201438848920863
"Mark Jankowski","F","Carolina",0.26316212123748145,0.10679338133679203,19.161533601834616,4.284232053178706,0.288725907478773,12,0.6,5,0.8333333333333334,1.1098665077228205,2.219733015445641,0.3333333333333333,0.5208333333333334,0.8814688916106438,0.8033275430699306,0.5231901453885521,0.5353535353535354
"Maxime Comtois","F","Carolina",0,0,17.890786807188977,2.6997074842237767,0,0,0,0,0,0,9.513742071881602,0,1,0,1.8816358872067458,0,0.23529411764705882
"Nikolaj Ehlers","F","Carolina",0.22649663080574273,-0.22649663080574273,27.386161195573354,-0.8194379269619042,0.2805083068718465,0,0,0,0,2.0016521573362134,3.4314036982906515,0.3684210526315789,0.42857142857142855,0.8494226349704267,1.225667449229349,0.4093425347834926,0.47904191616766467
"Sebastian Aho","F","Carolina",0.2746998278823747,0.17623162740495335,21.57736981003082,10.897996875011385,0.2757545510474249,36,0.5901639344262295,16,0.43243243243243246,3.156520187011296,1.465527229683816,0.6829268292682927,0.47619047619047616,1.0650798775223895,0.7591425841022206,0.5838541624873175,0.6062322946175638
"Seth Jarvis","F","Carolina",0.177833002313336,0.0743702735269909,21.983959632103584,7.992418994102829,0.27756444999840174,1,0.3333333333333333,3,0.75,2.9003376721637593,1.6393212929621248,0.6388888888888888,0.23636363636363636,1.0911401985058111,0.6337034996147504,0.6326023625762434,0.5855855855855856
"William Carrier","F","Carolina",0.0598011154389875,0.2166944567916406,24.034957614823664,-7.983647814285378,0.19302995717706903,0,0,0,0,1.3824778611531405,2.2119645778450248,0.38461538461538464,0.05,0.5295718902754121,0.5702771564412662,0.481495066851506,0.4295774647887324
"Ilya Mikheyev","F","Chicago",0.23214505977765532,-0.23214505977765532,20.03922822544194,-0.8667848076018643,0.30725377962526695,2,1,0,0,0.8132836326668922,0.9759403592002707,0.45454545454545453,0.28421052631578947,0.41898793870022,0.5268177621608046,0.442995784777772,0.5248618784530387
"Pat Maroon","F","Chicago",0.06578947069183272,-0.06578947069183272,18.884353868863744,-0.22007694514563103,0.06403782460730487,0,0,0,0,2.052529552624579,1.197308905697671,0.631578947368421,0.39080459770114945,0.7511946856285874,0.8041929874216686,0.4829629928565827,0.45089285714285715
"Sam Lafferty","F","Chicago",0.1310187045477769,-0.1310187045477769,20.826353914954034,-5.08884419176127,0.20734579890246976,3,0.5,7,0.5,0.8653638133698702,1.7307276267397405,0.3333333333333333,0.21621621621621623,0.4412588527552214,0.8087714735766526,0.3529985180840088,0.4
"Teuvo Teravainen","F","Chicago",0.13754107649674102,0.002548736639013867,24.670751852288586,1.214017294668449,0.19774969754813096,2,0.6666666666666666,0,0,2.801796262715098,2.2414370101720786,0.5555555555555556,0.2571428571428571,0.9676294123206153,0.79987737189393,0.5474544261795387,0.5761589403973509
"Tyler Bertuzzi","F","Chicago",0.2868381171324392,-0.10323115842870421,21.85655647369357,6.801987204908417,0.16952011920611246,1,1,0,0,3.6721391740746987,2.203283504444819,0.625,0.5566037735849056,1.313305316959664,1.3081325096669505,0.5009866355097521,0.5735849056603773
"Andrew Cogliano","F","Colorado",0.039196687515445236,-0.039196687515445236,22.97926916293351,-3.4227014269515412,0.17023092922481659,1,0.5,1,0.5,2.2664137936461737,1.6998103452346303,0.5714285714285714,0.12903225806451613,0.778175746906692,0.7013189639684456,0.5259739971942127,0.5111111111111111
"Artturi Lehkonen","F","Colorado",0.46313946299520115,-0.013626903177254268,23.35222574113438,8.127313848097597,0.2460947248834108,1,1,0,0,3.3713441986346013,1.2361595394993539,0.7317073170731707,0.4603174603174603,1.3260581951674641,0.6901202162465127,0.6577087561598672,0.5792207792207792
"Brock Nelson","F","Colorado",0.2512388957907225,0.2578216753469573,30.413788033776846,-5.475041010121433,0.3156449005599561,8,0.4444444444444444,7,0.4117647058823529,1.2726514278441996,3.308893712394919,0.2777777777777778,0.3611111111111111,0.8194016260329087,0.7685206980888357,0.5160212269741262,0.3728813559322034
"Chris Wagner","F","Colorado",0,0,21.12207237418459,1.8217834236319337,0.09057006112808655,0,0,1,0.5,0,0,0,0.2222222222222222,0.1549201493079551,0.07663572810815336,0.6690400219449488,0.47368421052631576
"Jack Drury","F","Colorado",0.25975092209559514,-0.09927520073493927,23.460644967600565,4.351544575400038,0.24244182404763398,11,0.4782608695652174,23,0.8518518518518519,1.6047572136065582,2.407135820409837,0.4,0.2975206611570248,0.6792829549858312,0.7044736984629817,0.49089769743315553,0.5638297872340425
"Jimmy Vesey","F","Colorado",0.07052617299734418,0.10191487371980917,26.0325637340463,-9.911316228863368,0.22512032964684262,2,1,0,0,0.8622052335857666,2.4141746540401465,0.2631578947368421,0.13274336283185842,0.3859564428152673,0.8464851955503641,0.31316407268346824,0.34615384615384615
"Joel Kiviranta","F","Colorado",0.23713178676991226,0.014864937272675018,23.478355379421355,4.06202186644958,0.237361734222447,0,0,0,0,1.763977068298111,2.015973792340698,0.4666666666666667,0.2,0.8995212874764802,0.7222800970110014,0.5546433096434588,0.5542168674698795
"Martin Necas","F","Colorado",0.14706583955705296,0.1068782292617896,23.493380120612837,2.8846000934760627,0.2521894076745498,2,0.5,1,0.5,1.1427483096847917,2.031552550550741,0.36,0.3795620437956204,0.6416889971941953,0.6846575137971493,0.4838019264774036,0.562111801242236
"Nathan MacKinnon","F","Colorado",0.28395723362574743,-0.009119400671164407,21.694867168233788,9.910104371116242,0.3367027610406682,31,0.47692307692307695,26,0.5306122448979592,2.565153107576108,1.374189164772915,0.6511627906976745,0.5198412698412699,1.300120877109128,0.6066896222279409,0.6818301438769789,0.6039387308533917
"Ross Colton","F","Colorado",0.36927932841126637,-0.20622994256395308,24.486763165890014,2.0614742343543746,0.2999529335905123,13,0.6842105263157895,14,0.45161290322580644,1.6304938584731334,2.2826914018623867,0.4166666666666667,0.25,0.9509728931067596,0.7784489634080372,0.5498790763655547,0.5056603773584906
"Valeri Nichushkin","F","Colorado",0.19026303371594588,0.24934392509939518,22.468232116317356,10.763647375617053,0.271843238499573,0,0,0,0,1.7584278352613643,1.7584278352613643,0.5,0.44966442953020136,1.0664692835879996,0.841238162866793,0.5590318817331682,0.5670103092783505
"Zach Parise","F","Colorado",0.47058648202783465,-0.18520514121116857,24.19666489836033,3.9811614698680495,0.2158811049828471,0,0,0,0,2.568432067349994,1.7122880448999962,0.6,0.264,1.2422691952490914,0.7214636361157523,0.6326060120844865,0.4950166112956811
"Charlie Coyle","F","Columbus",0.3389888038960069,-0.22822979703510166,26.840300110088254,-6.330428685677465,0.23128432436200896,18,0.46153846153846156,36,0.4044943820224719,2.547457157800821,2.1044211303572,0.5476190476190477,0.22660098522167488,0.9493059650936708,1.1358802614669032,0.4552619583812957,0.4475
"Hudson Fasching","F","Columbus",0.036762568972871223,-0.036762568972871223,25.073254608599374,-3.0829798601242415,0.1557243706069478,0,0,0,0,1.209311700090697,2.418623400181394,0.3333333333333333,0.358974358974359,0.6235316489548661,0.7298934273143924,0.46070644019219936,0.35294117647058826
"James van Riemsdyk","F","Columbus",0.3080588759335265,-0.12371669588242278,21.176369110756628,0.9256889646151308,0.2864320736101851,0,0,0,0,2.580790520715452,1.290395260357726,0.6666666666666666,0.2840909090909091,0.8600256767963003,0.710861326158495,0.5474777467625715,0.4797979797979798
"Miles Wood","F","Columbus",0.23013056048232808,0.09289293947729385,24.560985724417804,2.5719503670283514,0.23088655674628875,0,0,0,0,1.938140999757732,2.4226762496971648,0.4444444444444444,0.21666666666666667,0.8614623250651434,0.803040342112922,0.5175493809965677,0.5204460966542751
"Sean Monahan","F","Columbus",0.3523296000281909,-0.3523296000281909,28.197430024032467,-0.16528176763664706,0.3968766371399224,16,0.5925925925925926,11,0.4583333333333333,1.8988629427854526,2.1701290774690887,0.4666666666666667,0.38271604938271603,0.8820018378924224,1.0365869276273765,0.45971385517493313,0.46808510638297873
"Jamie Benn","F","Dallas",0.14786996505731934,0.08946867762935412,23.517272885917478,3.331255967373784,0.283103098597337,36,0.6923076923076923,31,0.5849056603773585,2.136047784180061,1.661370498806714,0.5625,0.31958762886597936,0.796573006844998,0.7489689637558409,0.515400436867674,0.49510763209393344
"Jason Robertson","F","Dallas",0.16468540488596184,0.10010809296259096,23.218146766355286,0.6109577074833269,0.23303379627605073,0,0,0,0,1.3239674892427642,1.654959361553455,0.4444444444444444,0.3402061855670103,0.6814360721631408,0.8041889042101429,0.4586864673120041,0.4716666666666667
"Joe Pavelski","F","Dallas",0.14858525928058225,-0.07505825035930516,24.629789045240074,-3.0731776640354265,0.17416565059637573,14,0.4827586206896552,18,0.4186046511627907,1.397013169504265,1.1029051338191564,0.5588235294117647,0.34782608695652173,0.5704249977349399,0.7247929409825774,0.44040850630879635,0.46954813359528486
"Matt Duchene","F","Dallas",0.1731273427791457,-0.1731273427791457,23.449696916313695,1.8736138873294925,0.3232282826662131,17,0.40476190476190477,23,0.6388888888888888,1.464119911420746,1.1712959291365967,0.5555555555555556,0.32113821138211385,0.6518477473857034,0.6274405525205142,0.5095393645306447,0.495850622406639
"Mavrik Bourque","F","Dallas",0.13159605343099312,-0.13159605343099312,18.681403946604053,8.895661819144683,0.3680125663429446,0,0,0,0,0,0,0,0.5,0.21237401613746815,0.023627284889291653,0.8998849379791657,0.8
"Mikko Rantanen","F","Dallas",0.31149990922778004,-0.027372378059253036,21.362131875163573,8.936390495375283,0.2183009205546553,27,0.5192307692307693,1,1,2.0836018952358644,1.2312193017302835,0.6285714285714286,0.4868421052631579,1.1436207010789952,0.5322654181912391,0.6823976211325061,0.6194895591647331
"Radek Faksa","F","Dallas",0.05969825389537682,0.19594362024360712,23.496061040619658,-6.721113272234204,0.17775868036423773,2,0.6666666666666666,9,0.45,0.5112837482779679,1.0225674965559357,0.3333333333333333,0.11666666666666667,0.20080222980469878,0.4215966650613102,0.3226262634157276,0.4426229508196721
"Roope Hintz","F","Dallas",0.12560142682548775,-0.028606387044049907,23.71658334647689,0.5270761720414373,0.28270896535043516,19,0.48717948717948717,12,0.5,1.745910716065881,1.9399007956287566,0.47368421052631576,0.3394495412844037,0.7823849408355728,0.8998874141805847,0.46507626336643826,0.4894613583138173
"Sam Steel","F","Dallas",0.1338432049248242,-0.1338432049248242,23.714471754410802,-3.7958339765559534,0.21127960325684605,5,0.4166666666666667,20,0.5263157894736842,1.449446526159825,1.35281675774917,0.5172413793103449,0.1592356687898089,0.5574368442825234,0.5527439145459275,0.5021135881248511,0.5030120481927711
"Tyler Seguin","F","Dallas",0.37563622375029454,-0.14269084512777833,23.311451471851466,2.13211106918014,0.29877907007888294,21,0.44680851063829785,43,0.581081081081081,2.0965084076026463,1.320023812194259,0.6136363636363636,0.30120481927710846,0.8512224818181416,0.7277182232583183,0.539109846925456,0.4910891089108911
"Wyatt Johnston","F","Dallas",0.33984748951317784,0.05569605323848679,23.313777005037018,3.6517572239437173,0.3031393541062061,14,0.35,35,0.546875,1.9117937899663788,1.8458698661744348,0.5087719298245614,0.3042071197411003,0.7770069530830105,0.8527438804781401,0.47676426180140774,0.4921875
"Craig Smith","F","Detroit",0.10161435795009933,-0.10161435795009933,24.176103245713534,-4.331432859911643,0.3437976014933031,0,0,0,0,1.2487473984429192,1.6649965312572255,0.42857142857142855,0.1391304347826087,0.5470083271972906,0.6568826055976295,0.45436701307100236,0.4493927125506073
"Mason Appleton","F","Detroit",0.21424994625320412,-0.21424994625320412,30.93398405888882,-13.668121827656341,0.1963667374407812,0,0,0,0,1.8186716960797518,2.424895594773002,0.42857142857142855,0.14084507042253522,0.7951164407743658,1.3039645563557694,0.37879264395297246,0.44537815126050423
"Adam Henrique","F","Edmonton",0.13978143678355648,0.23144347653284805,24.834433432517024,-5.331703803317466,0.1656446227714058,16,0.5,18,0.5625,1.484899653265618,1.9489307949111236,0.43243243243243246,0.26576576576576577,0.5051190786546504,0.8501868453376925,0.3726974624051775,0.3865979381443299
"Connor McDavid","F","Edmonton",0.21992854526321762,-0.04675983444414169,23.353306871517436,4.4822144658973535,0.35074773545040216,49,0.4152542372881356,33,0.4647887323943662,2.0780245298289115,1.4719340419621456,0.5853658536585366,0.44206008583690987,1.0232086883782363,0.6669594135447385,0.6053887108708823,0.55826859045505
"Corey Perry","F","Edmonton",0.1119388269268067,-0.1119388269268067,22.4509833924549,-4.838085654791537,0.157475839825669,0,0,0,0,1.468287609575333,1.1536545503806188,0.56,0.3546511627906977,0.5676209137898096,0.7164687664415358,0.4420414886346138,0.46835443037974683
"Derek Ryan","F","Edmonton",0.09984119185760501,-0.09984119185760501,22.185096264069298,-7.822926291950424,0.19165403903771133,11,0.55,18,0.47368421052631576,0.7286416904487218,2.33165340943591,0.23809523809523808,0.2230769230769231,0.47439931994729256,0.9918175651738826,0.3235533056271453,0.4008810572687225
"Leon Draisaitl","F","Edmonton",0.19016506924524096,-0.0012618231266123112,22.980476281854923,3.7133311221183147,0.3551520608590342,65,0.4676258992805755,80,0.5673758865248227,1.747355026597315,1.9362582727159436,0.47435897435897434,0.38377192982456143,1.0210899642242928,0.7826930408997308,0.5660824840480662,0.5063879210220673
"Mattias Janmark","F","Edmonton",0.177957607071181,-0.01304089001329519,23.961881356367233,-7.20594720931949,0.23982116285647345,1,0.3333333333333333,1,1,1.7316255291078007,1.3193337364630862,0.5675675675675675,0.22935779816513763,0.5828213817776342,0.6123235693502409,0.4876574855858423,0.3909952606635071
"Ryan Nugent-Hopkins","F","Edmonton",0.10146058259199273,0.01354492010185144,23.336079550299246,1.7613125214300243,0.18388221960630818,15,0.4838709677419355,7,0.3684210526315789,1.4375687836730524,1.955093545795351,0.423728813559322,0.36908517350157727,0.8250912941479882,0.7197717034483712,0.5340870325923667,0.5065502183406113
"Trent Frederic","F","Edmonton",0.3032168954790484,-0.054121595768967475,23.885408783087875,-2.29748126257667,0.282781955088085,10,0.5,1,0.14285714285714285,3.8609771455062543,2.6155006469558497,0.5961538461538461,0.26666666666666666,1.3848482871837149,0.8386357886138048,0.6228280662127056,0.48322147651006714
"Vasily Podkolzin","F","Edmonton",0.22448772408144285,-0.22448772408144285,17.2792289631163,-2.871428649579482,0.2956844460029044,0,0,0,0,1.178859126334403,1.178859126334403,0.5,0.45454545454545453,0.49838962088339445,0.7919185941317858,0.3862562565158364,0.5
"Zach Hyman","F","Edmonton",0.3946488213470691,0.0772038557615226,23.10032859873423,4.447876084464307,0.2219652939028037,0,0,1,1,2.0289665115669444,1.368372763614916,0.5972222222222222,0.45476190476190476,0.9952614209898705,0.6268670305595089,0.6135527800151981,0.5497005988023952
"Aleksander Barkov","F","Florida",0.27658139828686795,0.051381541900890906,23.300992501609993,4.4364787869942255,0.3074464724425795,55,0.6626506024096386,42,0.5675675675675675,2.0770986211891396,1.2571912707197423,0.6229508196721312,0.3458646616541353,0.9901668962348997,0.7238811441206974,0.5776774471440598,0.5561224489795918
"Anton Lundell","F","Florida",0.16648325087618088,0.022116916768412688,22.39107281328166,2.756794511550044,0.3097248739776952,46,0.575,48,0.5517241379310345,2.3260687342833197,1.886001676445935,0.5522388059701493,0.3470790378006873,0.8922341376018643,0.7408934791735414,0.5463346087818733,0.5525114155251142
"Brad Marchand","F","Florida",0.14740325211921074,-0.01579207540561474,25.104669730135594,-3.486355949409046,0.3119409596454792,1,0.5,1,1,1.97416765070394,1.842556473990344,0.5172413793103449,0.2804878048780488,0.9934939303676608,0.9102699148229921,0.5218577571359261,0.4892966360856269
"Carter Verhaeghe","F","Florida",0.33520371816787425,-0.06155474594780584,22.468494397916956,6.327964873974117,0.32315795901557953,6,0.3157894736842105,2,0.3333333333333333,2.572300338868644,1.6966236277644247,0.6025641025641025,0.3682539682539683,0.9892690752380922,0.8189055838444218,0.5471092464817845,0.5535483870967742
"Eetu Luostarinen","F","Florida",0.15610041687524778,-0.0893948386212663,22.30968105725683,-0.4338866484470486,0.2718976347162251,4,0.23529411764705882,4,0.5,1.5342282998415744,2.0678729258734263,0.42592592592592593,0.3519736842105263,0.642471867359245,0.7400004426670865,0.4647267527166663,0.5403949730700179
"Evan Rodrigues","F","Florida",0.25583661145040965,0.08025955686655166,21.356284046694174,2.4284140114345205,0.268082100058563,23,0.5348837209302325,10,0.47619047619047616,1.4116039069312374,1.2099462059410606,0.5384615384615384,0.38977635782747605,0.8473595381742433,0.5916271752020194,0.5888584865291094,0.5876288659793815
"Jesper Boqvist","F","Florida",0.09354578610541307,-0.09354578610541307,18.831846704604065,1.7649513161147545,0.3176938507838463,6,0.8571428571428571,1,0.25,3.1302079559452225,1.5651039779726112,0.6666666666666666,0.38596491228070173,1.437475556264471,0.6426890994981097,0.6910393137785036,0.40522875816993464
"Kyle Okposo","F","Florida",0.13416010735764386,-0.13416010735764386,18.078597784166078,-1.3048752419905347,0.21382721739247362,2,0.3333333333333333,0,0,1.561945331913383,1.8459353922612707,0.4583333333333333,0.2978723404255319,0.46479572744874564,0.7457469702369359,0.38395649185885244,0.4897119341563786
"Matthew Tkachuk","F","Florida",0.32973756178137814,-0.09094188796300218,22.16618348964354,6.2124709413112535,0.22997257551510436,0,0,0,0,2.686451330456729,1.7909675536378193,0.6,0.389937106918239,1.04065733249078,0.8342163874844655,0.5550546265614734,0.5889655172413794
"Noah Gregor","F","Florida",0.21733687656041997,-0.21733687656041997,20.37679380689026,-3.719470834087791,0.4245393808835606,0,0,0,0,2.48532965136348,1.24266482568174,0.6666666666666666,0.058823529411764705,0.6885048709197928,0.9196633443487304,0.428129883666946,0.5862068965517241
"Sam Bennett","F","Florida",0.16083377042192887,0.15431434919429102,22.23867770642202,5.293663798344914,0.3144653845759571,20,0.5263157894736842,15,0.5769230769230769,2.206036837313539,1.7333146578892094,0.56,0.4248927038626609,1.009033585071063,0.7790532875149013,0.564309039197732,0.5984555984555985
"Sam Reinhart","F","Florida",0.299990958688564,-0.03484993312307705,23.588468201223527,3.7057849363097675,0.30065882780276043,24,0.4444444444444444,37,0.4805194805194805,1.909015384071506,1.3787333329405322,0.5806451612903226,0.3407960199004975,0.9317884232674892,0.7050822185970174,0.5692498841607413,0.5513784461152882
"Tyler Motte","F","Florida",0.05171558787679063,0.46848555656572627,17.96081914684568,-7.4220115270100235,0.1783024279767374,0,0,0,0,1.0404022888850337,2.080804577770068,0.3333333333333333,0.08333333333333333,0.3711447585316997,0.3831166310520203,0.49206384372470136,0.42592592592592593
"Adrian Kempe","F","Los Angeles",0.5389946142724967,0.5413483946328309,22.78968621091555,1.5123808845199598,0.3595368143307231,0,0,0,0,2.1606860178106553,1.6205145133579915,0.5714285714285714,0.3333333333333333,0.7932052452229321,0.7466023615828652,0.5151326969142402,0.6397058823529411
"Alex Laferriere","F","Los Angeles",0.25612070977816487,0.06211133442073009,21.6707778177056,-0.1790912980525028,0.257765215037199,0,0,0,0,2.2276243093922643,1.5911602209944746,0.5833333333333334,0.39655172413793105,0.9626597171029069,0.6005069293388072,0.6158394687439372,0.5555555555555556
"Anze Kopitar","F","Los Angeles",0.08511765650017886,-0.08511765650017886,22.558724730755912,1.4320976106045773,0.19717519310930037,7,0.3333333333333333,13,0.5652173913043478,2.158532198105287,1.888715673342126,0.5333333333333333,0.3157894736842105,0.8739855671297563,0.7568379150467749,0.5359167173404427,0.625
"Kevin Fiala","F","Los Angeles",0.20582084447464136,0.05560757134177751,18.077056233092655,5.847667439263099,0.27317569509229844,0,0,0,0,1.0457136632656754,1.568570494898513,0.4,0.5671641791044776,0.5408890742839548,0.5652565175087488,0.488985426780347,0.6206896551724138
"Phillip Danault","F","Los Angeles",0.01996379258424662,-0.01996379258424662,22.05441663069763,0.9736271450248587,0.3127414291978572,17,0.5862068965517241,9,0.47368421052631576,2.565320665083133,1.7102137767220886,0.6,0.4782608695652174,0.8739911805781051,0.957556908731101,0.4771871323934188,0.5629139072847682
"Quinton Byfield","F","Los Angeles",0.0731798120812695,-0.0731798120812695,21.329460821876793,2.5288284461155093,0.2876913620725988,2,0.6666666666666666,1,0.5,1.8967048516505838,2.9805361954509175,0.3888888888888889,0.2926829268292683,0.7301887938164957,0.7830924537703285,0.48252021557849994,0.6165413533834586
"Trevor Lewis","F","Los Angeles",0.15684375025181346,-0.15684375025181346,18.06527052932161,-2.953489775682637,0.24686532069854877,0,0,0,0,0.4663816556548779,0.9327633113097558,0.3333333333333333,0.4230769230769231,0.403324328204622,0.292542355006066,0.5795999980106926,0.5662650602409639
"Trevor Moore","F","Los Angeles",0.3659418018724514,-0.08084296760990724,22.662376990467795,-0.4788441952622143,0.26902557733204807,1,1,0,0,2.5658895083628974,1.710593005575265,0.6,0.45588235294117646,0.8610195431734743,0.9088853424978868,0.4864778611235213,0.5448275862068965
"Warren Foegele","F","Los Angeles",0.20835654126022157,-0.03198537794542343,22.958244453620132,-3.4392472512003964,0.2948180842641909,0,0,0,0,1.234598143203587,2.1164539597775778,0.3684210526315789,0.3177083333333333,0.6196937400049729,0.8042851993311517,0.435184624495838,0.4765258215962441
"Nicolas Aube-Kubel","F","Minnesota",0,0,23.16870941765221,-11.548876095775963,0.2147401732601247,0,0,0,0,0.7099051487842865,1.419810297568573,0.3333333333333333,0,0.14550405588160667,0.6530984244667328,0.18219835207391266,0.38
"Vladimir Tarasenko","F","Minnesota",0.315494547473958,-0.09442814772449999,21.377502585743983,3.4304410910498477,0.21277290651728165,0,0,0,0,2.063286397661609,1.7685311979956653,0.5384615384615384,0.3620689655172414,0.9392161398387566,0.7167017227180631,0.5671876371866414,0.5392857142857143
"Yakov Trenin","F","Minnesota",0.18642662312748248,0.04658459377359764,24.667151579817837,-4.181848948347176,0.22499250234893364,6,0.75,11,0.4230769230769231,1.3980673014064806,2.5631233859118816,0.35294117647058826,0.17105263157894737,0.5109586793345519,0.9312732660709974,0.3542832905360952,0.47093023255813954
"Anders Lee","F","NY Islanders",0.2613073469918837,-0.2613073469918837,26.888582397318157,-1.6405021760728031,0.3051856809218934,0,0,0,0,2.2688956465564782,2.2688956465564782,0.5,0.2631578947368421,0.7984413611730494,0.5748331567232898,0.5814142407565736,0.4896551724137931
"Anthony Duclair","F","NY Islanders",0.15365952074293512,-0.15365952074293512,21.886291224897302,0.6567431134068339,0.33922057199110867,0,0,0,0,1.3384889946460419,2.6769779892920837,0.3333333333333333,0.4318181818181818,0.6303068872634654,1.1189192657027551,0.36033470354569824,0.43283582089552236
"Bo Horvat","F","NY Islanders",0.15839031374969706,0.08819178438997795,28.36554804505408,-8.574486519528591,0.3144206213036514,13,0.6190476190476191,9,0.45,0.9863283925586998,2.2192388832570744,0.3076923076923077,0.3787878787878788,0.5184989633282245,0.7736421129523481,0.40127117142713514,0.4722222222222222
"Cal Clutterbuck","F","NY Islanders",0.10409953029544954,-0.10409953029544954,27.717104595022352,-9.502067303524662,0.26358591865173975,0,0,1,1,3.037333895802567,3.037333895802567,0.5,0.3,0.6953082475684841,0.7145326179179248,0.49318207791387586,0.375
"Casey Cizikas","F","NY Islanders",0.1532675762060553,0.14505436288654847,28.305176174666304,-11.330630401555911,0.12856466278954493,1,0.3333333333333333,1,1,1.193287756370415,1.4916096954630187,0.4444444444444444,0.30357142857142855,0.5176752097371897,0.8028255002168162,0.39202948232812446,0.4276315789473684
"Jean-Gabriel Pageau","F","NY Islanders",0.14853490723401394,-0.14853490723401394,26.37960648819979,-3.0805127891093385,0.23029507213375752,6,0.46153846153846156,8,0.38095238095238093,1.5444678021365152,2.702818653738902,0.36363636363636365,0.2459016393442623,0.7295852965637954,1.1146612807414582,0.39560073232172627,0.41739130434782606
"Jonathan Drouin","F","NY Islanders",0.25488512051090884,-0.25488512051090884,22.265158838625187,7.700970637661469,0.16982841593477613,5,0.38461538461538464,0,0,2.0899652640032493,2.0899652640032493,0.5,0.5588235294117647,0.9528723804458359,0.6263066974093319,0.6033972928136951,0.6068376068376068
"Kyle MacLean","F","NY Islanders",0.3111929344588944,0.05576458001554033,27.54015505169119,-5.087984073026978,0.31192139756497483,6,0.6666666666666666,9,0.5294117647058824,4.403490173693217,1.8347875723721736,0.7058823529411765,0.2857142857142857,0.882936839069371,0.6236504658981656,0.5860508953965973,0.38016528925619836
"Kyle Palmieri","F","NY Islanders",0.5156524155851792,-0.23098417269990865,30.37134374432494,-6.8582392867708,0.3371352566603929,0,0,0,0,1.7080094573116231,3.1313506717379758,0.35294117647058826,0.38461538461538464,0.8680603509414444,0.8496698104549193,0.5053531517638297,0.36363636363636365
"Mathew Barzal","F","NY Islanders",0.15014866366074878,0.08970422656657874,27.683025087664927,-7.653306946608698,0.323559009714705,0,0,0,0,1.4391173413639653,2.1586760120459476,0.4,0.3770491803278688,0.5381287104228225,0.6364397377126823,0.4581501497652533,0.47692307692307695
"Matt Martin","F","NY Islanders",0.4132172300716364,-0.4132172300716364,29.68594743913041,-9.570047962799606,0.4041333882281592,2,0.6666666666666666,0,0,4.178919671877415,2.0894598359387073,0.6666666666666666,0.3333333333333333,0.8771096142407586,0.48478765344546604,0.6440350788946887,0.4430379746835443
"Pierre Engvall","F","NY Islanders",0.2548774509492776,0.03106150108446336,25.566415114033205,-0.7761506829006009,0.3510568402318421,2,0.5,0,0,2.001572664236187,2.287511616269928,0.4666666666666667,0.2463768115942029,0.7546556982462068,0.7837966790518727,0.49052912484140554,0.45925925925925926
"Ruslan Iskhakov","F","NY Islanders",0,0,26.129712834540292,-9.85511368822533,0,0,0,0,0,0,0,0,0.3333333333333333,0.2359880065562541,0.09272579226904545,0.717913295394313,0.125
"Simon Holmström","F","NY Islanders",0.01800405636699124,-0.01800405636699124,36.04024546636433,-20.64006640223341,0.14659548712294931,0,0,0,0,0.6035711291809861,4.224997904266902,0.125,0.3157894736842105,0.5466801293928639,1.2217608612672564,0.30913111168544005,0.33766233766233766
"Alexis Lafrenière","F","NY Rangers",0.3962382082741024,0.29828829587014716,24.357949458184343,4.383070225240893,0.23912861248552558,4,0.4444444444444444,0,0,1.8231320733786551,2.517658577522905,0.42,0.5813953488372093,1.0207347201538612,0.831757722230308,0.5510061454502722,0.5690721649484536
"Artemi Panarin","F","NY Rangers",0.21672247955321067,0.01745127737442983,24.559370208321624,3.7648367422315037,0.29855132951266955,0,0,0,0,1.9514479743970043,2.3417375692764053,0.45454545454545453,0.5492227979274611,1.0071766511330977,0.8918670199957237,0.5303599208618601,0.544256120527307
"Blake Wheeler","F","NY Rangers",0,0,23.95646734890144,-11.073440615720031,0.16081104407827343,1,1,0,0,0,6.618863761720907,0,0.3333333333333333,0.3533469968547965,0.9884544601621895,0.26333776506722295,0.3333333333333333
"J.T. Miller","F","NY Rangers",0.1815229980174214,-0.00025137760019453746,22.994623465408182,4.068734745784987,0.3270447009410761,35,0.5303030303030303,49,0.6447368421052632,1.9033520143808813,0.906358102086134,0.6774193548387096,0.30196078431372547,0.8189606795670472,0.726735540604733,0.5298328797595381,0.5550351288056206
"Jonny Brodzinski","F","NY Rangers",0.32959989850560595,-0.32959989850560595,25.86946504885963,-12.092789455791745,0.09601867772330382,0,0,3,0.42857142857142855,0.7978900241583383,2.393670072475015,0.25,0.10714285714285714,0.6556643389054511,0.7513481473740565,0.4659975268870509,0.4186046511627907
"Juuso Pärssinen","F","NY Rangers",0.17612592610333452,-0.17612592610333452,22.788790759628963,-6.646975271294743,0.16282634200093782,0,0,0,0,1.3141563846097717,3.942469153829315,0.25,0.13333333333333333,0.5920580077416412,1.5758543606952033,0.27310052581532146,0.2222222222222222
"Matthew Rempe","F","NY Rangers",0.2720409898901816,0.026290837972353768,21.059571652144033,-4.900837807950396,0.26588022948527507,0,0,1,1,0.8949954835876064,3.28165010648789,0.21428571428571427,0.36,0.5633002304245122,1.3116796347965154,0.3004300157421204,0.37857142857142856
"Mika Zibanejad","F","NY Rangers",0.10101259819335177,-0.015217828814458285,24.9843842226862,-2.2122273895687234,0.26190856943876284,31,0.5,34,0.4857142857142857,1.7158953875778697,1.8874849263356566,0.47619047619047616,0.2873134328358209,0.7367965099341398,0.8730107990290121,0.4576923622049506,0.4264705882352941
"Sam Carrick","F","NY Rangers",0.0670442433802574,-0.0670442433802574,22.625909780891043,-7.8191923858328165,0.21682578217540122,7,0.5,23,0.5,1.2072272672398756,1.9315636275838008,0.38461538461538464,0.1827956989247312,0.44828675192889733,0.5884635248618632,0.43239607643661293,0.4306569343065693
"Vincent Trocheck","F","NY Rangers",0.2692791653866392,-0.03334767290149411,25.709886910413758,2.1972618344256776,0.32404026728878155,39,0.45348837209302323,44,0.5866666666666667,1.8874519398811607,2.831177909821741,0.4,0.40408163265306124,0.9398747262542567,0.9363425069325364,0.500941314059812,0.5093283582089553
"Will Cuylle","F","NY Rangers",0.22408451719515418,-0.10680921341954093,24.489443354295148,-3.943249152008053,0.26120958174642195,0,0,0,0,1.6418542528585858,1.8764048604098122,0.4666666666666667,0.2867647058823529,0.7489319054999651,0.6588521489819195,0.5319934567490174,0.45427728613569324
"Cole Smith","F","Nashville",0.13524893527690296,-0.13524893527690296,23.952404840893603,-8.037476964614216,0.19686464353219257,0,0,0,0,0.7090941322460562,1.7727353306151403,0.2857142857142857,0.1323529411764706,0.3488909114994188,0.7606582881070391,0.31444384045625534,0.4
"Filip Forsberg","F","Nashville",0.3309790449686872,0.07150292719297645,23.45888332178911,1.687906385982256,0.31992761115199686,1,1,0,0,2.0124098608083187,1.0062049304041594,0.6666666666666666,0.5405405405405406,0.9576620258108077,0.46897795912723533,0.6712709835147356,0.5612244897959183
"Jonathan Marchessault","F","Nashville",0.2871130940643192,0.051315469306429266,24.725271058850822,3.494950271442136,0.2547914860613696,0,0,1,1,1.1844999717976195,1.522928535168368,0.4375,0.48360655737704916,0.9218661154126696,0.7415509454737387,0.5542002286073836,0.5731225296442688
"Luke Evangelista","F","Nashville",0.2735043026704638,0.051291121322895886,18.714297848732883,4.752480157638776,0.3034579451177276,0,0,0,0,2.2735679679535172,0.9743862719800789,0.7,0.5227272727272727,1.0428298083643803,0.4310641470841918,0.7075338117164612,0.6363636363636364
"Michael McCarron","F","Nashville",0.11687430437235463,-0.11687430437235463,23.72012894116896,-7.1337165919235614,0.27553634830094603,4,0.36363636363636365,12,0.5217391304347826,0.5728105906313642,1.7184317718940927,0.25,0.16,0.32273810621883897,0.7074102930480078,0.31329282892496907,0.4049586776859504
"Ryan O'Reilly","F","Nashville",0.2184809705851126,-0.2184809705851126,23.406664869855817,1.0389784692959323,0.2750921150972691,23,0.4423076923076923,12,0.5,1.9085284715337674,1.1451170829202604,0.625,0.5384615384615384,0.9444596086466903,0.5810674014805124,0.6191038260069474,0.5480769230769231
"Steven Stamkos","F","Nashville",0.3357690361694486,0.19726421918309311,23.09956332925495,5.208374691122615,0.3176968153664393,14,0.45161290322580644,11,0.6111111111111112,1.5990997660576252,3.1981995321152503,0.3333333333333333,0.5402298850574713,0.9834158286617665,1.1446898427411245,0.4621085512231536,0.4685714285714286
"Connor Brown","F","New Jersey",0.07428891383073598,0.03225400520848359,23.7962280959778,-5.961208121319789,0.29226407194442017,2,1,0,0,1.5981437855882936,1.3850579475098546,0.5357142857142857,0.22413793103448276,0.5551902066206296,0.6178420879641933,0.4732949034596961,0.38562091503267976
"Evgenii Dadonov","F","New Jersey",0.2835060253316358,-0.01693808753082136,23.66758519686069,-0.5320657780042787,0.27165454356244123,0,0,0,0,2.5768233987412072,1.3328396890040726,0.6590909090909091,0.26595744680851063,1.0015149465126258,0.7350795024259416,0.576712051063371,0.4845605700712589
"Luke Glendening","F","New Jersey",0.1065446777012026,-0.1065446777012026,17.22416928986264,-6.739392093161979,0.1572093263759171,2,1,4,0.5,1.1121408711770167,1.6682113067655249,0.4,0.12,0.41599261644732394,0.46389397634533497,0.4727798103242045,0.48148148148148145
"Stefan Noesen","F","New Jersey",0.2589370693268657,0.4933668614611719,19.51021621636513,8.314905485969627,0.1992575202676872,0,0,0,0,3.0092157231521504,2.7584477462228048,0.5217391304347826,0.4057971014492754,0.9031818955347024,1.0732104906589894,0.4569851117844714,0.5721649484536082
"Michael Amadio","F","Ottawa",0.21081284955732923,0.2290429754777977,24.273674029960915,5.218581722455289,0.4413643184841756,2,1,2,0.6666666666666666,1.3195674751053807,1.7594233001405077,0.42857142857142855,0.2571428571428571,0.794471952448566,0.8002652974115989,0.49818360517899085,0.5930232558139535
"Nick Cousins","F","Ottawa",0.14949723308768462,-0.14949723308768462,17.8970418543974,-1.5898504066539862,0.2134869081084886,0,0,0,0,2.0005668272677246,1.2003400963606348,0.625,0.3522727272727273,0.6304733093801822,0.5385747403881181,0.5393048724602372,0.5085714285714286
"Anthony Mantha","F","Pittsburgh",0.05027195144824625,-0.05027195144824625,25.794455452987314,-11.299165821851426,0.28612137094352974,0,0,0,0,1.0816007691383254,1.622401153707488,0.4,0.3902439024390244,0.2942179028905874,0.782860058122246,0.27316305183138156,0.4936708860759494
"Blake Lizotte","F","Pittsburgh",0.17586745852556368,0.30528731292591965,18.372794463696124,-3.287126314773077,0.2717614458050875,3,0.6,4,0.6666666666666666,0.4811547714514834,0.9623095429029668,0.3333333333333333,0.37037037037037035,0.5148177968536267,0.3179773852664496,0.6181805657701291,0.6410256410256411
"Connor Dewar","F","Pittsburgh",0.10369202169086594,-0.10369202169086594,20.479205175853707,-4.152736868433208,0.30417627028149674,0,0,1,1,0.9930943163741031,1.9861886327482061,0.3333333333333333,0.08333333333333333,0.3863787029526603,0.8602996795376512,0.3099265282685392,0.4782608695652174
"Danton Heinen","F","Pittsburgh",0.19652749875664857,-0.19652749875664857,25.833369942246925,-6.627663865287508,0.17385239127989285,0,0,0,0,2.5543690353709136,1.9157767765281852,0.5714285714285714,0.23376623376623376,0.896311829766031,0.8120504133217703,0.5246614606431366,0.4691358024691358
"Justin Brazeau","F","Pittsburgh",0.2915185287265056,-0.07899749799950642,21.82211858350901,0.2968670905112231,0.30006517075913264,0,0,0,0,1.700168245815993,1.700168245815993,0.5,0.2978723404255319,0.5921699613401954,0.811882348103904,0.4217577631239755,0.45098039215686275
"Thomas Novak","F","Pittsburgh",0.10005387604997991,-0.10005387604997991,19.0306833309251,4.379550578112036,0.27803780111811965,1,0.25,1,0.25,1.610504065404361,1.2078780490532708,0.5714285714285714,0.5135135135135135,0.8288022813316189,0.38367236163945767,0.6835625686164472,0.5632183908045977
"Alexander Wennberg","F","San Jose",0.16087899579611095,-0.16087899579611095,25.48259062534088,-4.030473731857934,0.257771085574539,14,0.4,23,0.46,1.502096676611103,2.1592639726284606,0.41025641025641024,0.2459016393442623,0.603177117833099,0.7897663453850476,0.43302340242838416,0.4036697247706422
"Barclay Goodrow","F","San Jose",0.1327389160629952,0.12092154531719947,24.930182740044394,-8.811831196013463,0.18797281551426828,8,0.38095238095238093,21,0.4117647058823529,1.0146418455207784,2.917095305872238,0.25806451612903225,0.16666666666666666,0.4220593490016543,1.0234438371388994,0.29198091920401703,0.33432835820895523
"Carl Grundstrom","F","San Jose",0.11655246171539889,-0.11655246171539889,15.960563482053342,-3.4167780402336825,0.0988223018766878,1,0.5,0,0,0.7190508528742049,2.157152558622615,0.25,0.3181818181818182,0.546480563307627,0.4303329155833745,0.5594523162477844,0.6140350877192983
"Nikolai Kovalenko","F","San Jose",0.039384132129848475,-0.039384132129848475,28.798708657240702,-6.2758532310847555,0.08379137686011323,0,0,0,0,4.4200703937136865,1.473356797904562,0.75,0.2,1.8581842445738095,0.8447659936520078,0.6874652068302591,0.3333333333333333
"Ryan Reaves","F","San Jose",0.09595748299305334,-0.09595748299305334,18.801667677676438,0.0643206941395025,0.2445836894948912,0,0,0,0,1.5319148936170226,2.0425531914893633,0.42857142857142855,0.21428571428571427,0.5182648403232787,0.9059327843177774,0.36389952584979085,0.5138888888888888
"Ty Dellandrea","F","San Jose",0.4080931786855667,-0.043443900387263666,22.211420167558945,0.2016241590144553,0.18020134781636282,0,0,3,0.5,2.1878956697898184,1.8232463914915154,0.5454545454545454,0.1794871794871795,0.8664424164696909,0.5831545832115262,0.5977126171344391,0.5510204081632653
"Tyler Toffoli","F","San Jose",0.22025779358953237,0.42184258810347264,28.691669961495904,-3.1014323152115955,0.20185306789957752,0,0,0,0,2.2473513359255177,2.2473513359255177,0.5,0.44642857142857145,0.9977045292904365,1.0360515420326113,0.49057236674474214,0.48344370860927155
"Chandler Stephenson","F","Seattle",0.2038397130264241,-0.2038397130264241,25.05080952669793,-4.852431620984691,0.19809921438367958,7,0.2692307692307692,5,0.35714285714285715,1.3645224171539967,1.5594541910331392,0.4666666666666667,0.46875,0.6409137477012481,0.6328676248908216,0.503158360996461,0.4673913043478261
"Kaapo Kakko","F","Seattle",0.2252936604785292,-0.10686053078438279,25.287748425978666,-3.2286431500510977,0.28871314754006755,2,0.6666666666666666,0,0,2.0133632048004886,2.0133632048004886,0.5,0.3333333333333333,0.7384589920416662,0.7273064075840274,0.5038043552059858,0.45614035087719296
"Mason Marchment","F","Seattle",0.22131517590136815,0.11449423360266041,22.57415421839317,2.334557522097609,0.238611939505121,1,0.3333333333333333,0,0,1.6790470475201427,1.4551741078507903,0.5357142857142857,0.2926829268292683,0.8140844234171483,0.7044362181817291,0.5361036268561913,0.5350877192982456
"Dylan Holloway","F","St. Louis",0.18747008665129616,0.17094785654742461,22.116959271093194,-1.8040111153768672,0.23547548919010824,1,0.16666666666666666,1,1,1.218621006875651,1.792089715993604,0.40476190476190477,0.3512396694214876,0.7018700575470012,0.792034005382722,0.46982271148694116,0.48084291187739464
"Pius Suter","F","St. Louis",0.308014849522863,-0.07486479803555976,23.23208354235436,1.675896191127222,0.2577660522188008,1,0.3333333333333333,1,0.5,1.7486253861547743,1.1657502574365162,0.6,0.21951219512195122,0.7524067492850609,0.6380334785275501,0.5411284384865068,0.5307443365695793
"Anthony Cirelli","F","Tampa Bay",0.08750010009250661,-0.08750010009250661,22.746956237728096,1.5502512864586058,0.2509522099415805,5,0.25,7,0.6363636363636364,0.7900916652644979,2.106911107371994,0.2727272727272727,0.4246575342465753,0.6936839813765702,0.9562169202872458,0.42043978561199385,0.40588235294117647
"Brandon Hagel","F","Tampa Bay",0.19713815415481836,0.28977273438992657,23.14005357755655,1.0591716180429358,0.2905698984552783,0,0,1,1,0.7303663328171173,2.191098998451352,0.25,0.35526315789473684,0.7135207432790683,0.7508455885156002,0.48725563254695015,0.5086705202312138
"Brayden Point","F","Tampa Bay",0.3325973863492119,0.17693511757843497,22.237946537129723,4.058365224558964,0.31352984127383704,6,0.4,1,0.2,2.0381300157105873,3.311961275529704,0.38095238095238093,0.5789473684210527,0.9916219009860046,0.9164921909975895,0.519686901926895,0.5706214689265536
"Jake Guentzel","F","Tampa Bay",0.3723130381033192,-0.02671414401978047,21.625305665484156,10.31206165372754,0.21410458873115332,3,0.42857142857142855,0,0,2.8799907840294896,1.4975952076953345,0.6578947368421053,0.4755244755244755,1.018601809914264,0.7523355765795088,0.5751766367815884,0.5770308123249299
"Mitchell Chaffee","F","Tampa Bay",0.06701315574309151,-0.06701315574309151,21.940148813153126,-5.80588511769269,0.09333943837337007,0,0,0,0,1.0309868835557594,0.6873245890371729,0.6,0.2857142857142857,0.5642915108535812,0.41541327595532035,0.5759811715237136,0.5444444444444444
"Nick Paul","F","Tampa Bay",0.1677750952909568,0.12747869995053634,22.278155473364542,-3.8968668545828766,0.32610709429839757,10,0.47619047619047616,12,0.631578947368421,1.1810151809659728,2.0667765666904523,0.36363636363636365,0.3055555555555556,0.620327163558962,0.6956034763580988,0.4713980697326567,0.5607476635514018
"Nikita Kucherov","F","Tampa Bay",0.06806473383519092,-0.06806473383519092,23.443726672390845,0.8195470079498565,0.16897842218848885,0,0,0,0,1.9628155498609692,2.9442233247914538,0.4,0.5769230769230769,0.8660707540138157,1.0249153740421155,0.4579995279522215,0.5513513513513514
"Pontus Holmberg","F","Tampa Bay",0.07900692436976929,-0.07900692436976929,20.410152371513874,-0.18722342211711407,0.1754289160727017,1,0.3333333333333333,4,0.4444444444444444,1.4206787687450713,1.136543014996057,0.5555555555555556,0.23404255319148937,0.5498624069739267,0.6163947026710395,0.4714761457199748,0.44537815126050423
"Auston Matthews","F","Toronto",0.3757525172317093,-0.1165844467379941,22.000244242381044,6.5156578423110245,0.4446949334007877,24,0.6,6,0.42857142857142855,4.146689127899444,1.8141764934560067,0.6956521739130435,0.5164835164835165,1.2639199956045126,1.4008646960429139,0.4743047344748632,0.559322033898305
"Calle Jarnkrok","F","Toronto",0.230643099932006,-0.230643099932006,20.82475513167781,-1.9483721988960927,0.20897922181478906,2,0.3333333333333333,1,1,1.089233981074561,0.5446169905372805,0.6666666666666666,0.18055555555555555,0.530452268458377,0.40058041392548766,0.5697461308234414,0.5043478260869565
"Dakota Joshua","F","Toronto",0.1268654360993465,0.22664759969384868,21.005581529189467,-0.8139239899716754,0.17819885676631922,1,0.25,1,1,1.2962144645750489,1.649727500368244,0.44,0.23243243243243245,0.5170483292366277,0.7911483347897623,0.3952374619617566,0.4261744966442953
"David Kampf","F","Toronto",0.1682779152960121,0.08535752602965611,20.603353759680285,-3.809122458532378,0.19525677200516195,2,0.5,18,0.6,1.268177206628341,1.7754480892796773,0.4166666666666667,0.09433962264150944,0.45477389603676344,0.7680111450146241,0.37191647000010325,0.48
"John Tavares","F","Toronto",0.12299029623566866,-0.12299029623566866,21.29325593784312,3.0031821693834373,0.3166424992016566,14,0.5185185185185185,32,0.5925925925925926,1.9286919718196665,1.7358227746376997,0.5263157894736842,0.25203252032520324,0.9045949516654829,0.6560956287825322,0.5796119762610524,0.5025380710659898
"Matthew Knies","F","Toronto",0.38683413420881196,-0.17594400210957659,22.658044871426355,0.061403070712216457,0.26038845541116773,1,1,0,0,2.530681585190824,1.8980111888931182,0.5714285714285714,0.18095238095238095,1.077892435745333,0.7221241235820692,0.5988236220160664,0.4782608695652174
"Max Domi","F","Toronto",0.3843486447917125,-0.1883246645247932,21.76034065245877,8.385889611463279,0.3336977448325181,15,0.6521739130434783,3,0.6,3.920479605338386,2.548311743469951,0.6060606060606061,0.55,1.313765947824691,1.3670255257827535,0.49006644521172094,0.5650406504065041
"Max Pacioretty","F","Toronto",0.22361893563994967,-0.22361893563994967,20.51591290307963,1.9424733263105152,0.22828562359499463,1,1,0,0,1.8135106543750954,0.9067553271875477,0.6666666666666666,0.3939393939393939,0.7661543622938796,0.6074971939884517,0.5577501505311944,0.5921052631578947
"Nick Robertson","F","Toronto",0.28858658285391625,-0.28858658285391625,17.215253200903756,6.720404674534706,0.44024054968374043,0,0,0,0,1.5658130810634494,1.5658130810634494,0.5,0.3235294117647059,0.6770458714675682,0.5795742143472876,0.5387832640193216,0.5679012345679012
"Nicolas Roy","F","Toronto",0.08391534182961594,-0.08391534182961594,24.065411745103972,-7.93368093866102,0.19862432152808934,0,0,11,0.4074074074074074,0.7503126302626096,1.5006252605252193,0.3333333333333333,0.057971014492753624,0.4636852776818834,0.4501935725354481,0.5073815611025612,0.45806451612903226
"Steven Lorentz","F","Toronto",0.12644864045486007,0.2517046061483259,17.585441433849738,-1.208443455652889,0.3015275688842647,8,0.38095238095238093,6,0.375,1.89076623301593,2.0798428563175233,0.47619047619047616,0.3247863247863248,0.5625786801092153,0.8480389668642591,0.39881727080066387,0.4438202247191011
"William Nylander","F","Toronto",0.5394635406492134,0.30965981810540605,21.991282894675138,1.0049480184428525,0.3031354621231862,2,0.6666666666666666,0,0,2.5473700762638583,1.981287837094112,0.5625,0.3157894736842105,1.1731101577501049,0.6810216277846873,0.6327005269540438,0.4873417721518987
"Kevin Stenlund","F","Utah",0.055773042065543316,-0.055773042065543316,19.098137734967437,-3.515566245468288,0.21727098578863602,19,0.38,37,0.5967741935483871,0.8699878362811783,1.8366409877047096,0.32142857142857145,0.3333333333333333,0.35664517027054937,0.7272208215229092,0.32904913796622876,0.4897360703812317
"Brock Boeser","F","Vancouver",0.28073633988083463,0.3253004600204043,23.076695727098564,3.935113483131951,0.2806831482247453,1,1,0,0,2.1211287996543358,1.2120735998024776,0.6363636363636364,0.31,0.8632924571509606,0.7954998643016457,0.5204343219981719,0.5261845386533666
"Conor Garland","F","Vancouver",0.2289482969825451,0.12222553406382297,19.86796829732057,0.6445900438660795,0.25706974974638835,0,0,0,0,1.5217532678675947,1.7558691552318402,0.4642857142857143,0.25443786982248523,0.6604544959589511,0.8621466897948832,0.4337672281740422,0.4696485623003195
"Elias Pettersson","F","Vancouver",0.09221198974224624,-0.09221198974224624,20.7718646779161,0.7922094267761933,0.20841277220682985,17,0.5862068965517241,14,0.45161290322580644,1.6780869808418397,1.5732065445392247,0.5161290322580645,0.3707865168539326,0.7088367526857784,0.6550871168316071,0.5197040454586332,0.5377906976744186
"Evander Kane","F","Vancouver",0.3121655536831799,-0.025456318659257644,21.417740921928107,0.6900065398794427,0.3028856265366466,5,0.7142857142857143,0,0,1.648578101387553,1.5769007926315723,0.5111111111111111,0.3601694915254237,0.7863048142434003,0.7993197299699881,0.495895965481209,0.4857142857142857
"Filip Chytil","F","Vancouver",0.26557961603858515,-0.26557961603858515,25.5677994114334,-3.9717836448598014,0.2903917149249574,4,1,0,0,1.4766444076194853,0.8859866445716912,0.625,0.3611111111111111,0.4881517870971217,0.5829621323999342,0.4557421747691734,0.4228187919463087
"Jake DeBrusk","F","Vancouver",0.14617520782327245,-0.03454591629717595,25.91698940045233,-4.806753225649032,0.2357347283039951,1,1,0,0,1.7860686644175436,2.790732288152412,0.3902439024390244,0.3089005235602094,0.7695955643613561,1.2182532701796545,0.3871499436923,0.42462311557788945
"Kiefer Sherwood","F","Vancouver",0.02714935614632739,-0.02714935614632739,22.790465268461986,-6.1225721810031475,0.26068861093052614,0,0,0,0,0.2960209845986861,2.0721468921908026,0.125,0.14285714285714285,0.2929882408089427,0.7413671117197413,0.28325685180888327,0.39285714285714285
"Linus Karlsson","F","Vancouver",0,0,23.02795917482429,-8.250549526113238,0.06846967151471774,0,0,0,0,0,2.0236087689713327,0,0.38461538461538464,0.36015969720427193,1.12124105412847,0.24312104397156156,0.4594594594594595
"Nils Höglander","F","Vancouver",0.3000059764685301,-0.11247276746276871,18.747708574259732,0.9568099759406432,0.1533219822408096,0,0,0,0,2.062865299063376,1.31273246304033,0.6111111111111112,0.30434782608695654,0.8357247132950336,0.6156621659715601,0.5758111260571247,0.5691489361702128
"Nils Åman","F","Vancouver",0,0,18.642774344086256,-3.8636342140209994,0.1829051313193031,2,0.3333333333333333,1,0.5,1.0084881082443888,2.0169762164887777,0.3333333333333333,0.3076923076923077,0.3599026196462601,1.1112430137962392,0.2446410548791715,0.38571428571428573
"Teddy Blueger","F","Vancouver",0.05203947904960289,-0.05203947904960289,21.0348003348144,-4.717806269602589,0.2361092112208855,8,0.47058823529411764,12,0.46153846153846156,1.1576260626645496,1.8811423518298933,0.38095238095238093,0.22641509433962265,0.39936230172159937,0.8085432061588648,0.3306237939276958,0.4087301587301587
"Brett Howden","F","Vegas",0.3012967686932497,-0.05612361515356256,25.41467950380504,-2.9370011436971395,0.22744416717326582,4,0.6666666666666666,0,0,1.9613852283174964,1.7162120747778093,0.5333333333333333,0.3387096774193548,0.6559717828268472,0.7866137187614789,0.45471951721724957,0.5094339622641509
"Colton Sissons","F","Vegas",0.28060981208341335,-0.03364880448250242,22.74498028007405,-2.982424295246123,0.33599900197649946,11,0.6470588235294118,10,0.43478260869565216,1.7287270532063759,1.9756880608072867,0.4666666666666667,0.28378378378378377,0.7212814790015405,0.8772576296175901,0.45121290753068055,0.42657342657342656
"Ivan Barbashev","F","Vegas",0.18754141311743897,-0.18754141311743897,24.020098389877692,0.18361178482507542,0.21131733204067385,0,0,0,0,1.419886296406896,1.2170453969201966,0.5384615384615384,0.48863636363636365,0.8256959336656349,0.8000800470022135,0.5078780493032313,0.507177033492823
"Jack Eichel","F","Vegas",0.26695887885553926,-0.10217426607649249,24.807619484192227,3.195169672858632,0.38020801913143737,20,0.46511627906976744,11,0.44,1.318276902232374,1.6478461277904677,0.4444444444444444,0.46511627906976744,0.8103478644641282,0.8863231356358706,0.4776104880771628,0.5528455284552846
"Keegan Kolesar","F","Vegas",0.11941351977395062,-0.11941351977395062,24.279948888480572,-9.28672926482536,0.2689635169915644,1,1,0,0,0.9465215333648831,2.2085502445180607,0.3,0.037037037037037035,0.3676327636385234,0.5211385452868182,0.4136415745497531,0.36363636363636365
"Mark Stone","F","Vegas",0.12616999844723256,-0.12616999844723256,25.470892590471284,-5.344252062258676,0.22283483318157565,0,0,0,0,1.5316541865214426,1.3401974132062624,0.5333333333333333,0.45544554455445546,0.6853307676126232,0.6577033373063843,0.5102854537368228,0.4793814432989691
"Mitchell Marner","F","Vegas",0.13209651341145992,0.05309343488967945,20.80160060851728,6.167577917912094,0.2954956577854779,0,0,0,0,2.5926592762159513,1.2963296381079754,0.6666666666666666,0.4603174603174603,0.9105388843805511,0.675235855469517,0.5741918202497291,0.5466666666666666
"Pavel Dorofeyev","F","Vegas",0,0,28.050848841986657,-14.298888298491157,0,0,0,0,0,0,0,0,0.42857142857142855,0.025345162909474715,0.48094428074546375,0.050060618934707056,0.13333333333333333
"Tomas Hertl","F","Vegas",0.12353774494872771,-0.12353774494872771,24.095277642890334,-0.9064734376295713,0.2533160287291111,16,0.43243243243243246,10,0.6666666666666666,0.5326809635606762,1.5980428906820288,0.25,0.5083333333333333,0.5077941883508502,0.5926815290556996,0.46143152485685907,0.5586854460093896
"William Karlsson","F","Vegas",0.07361183214170988,-0.07361183214170988,25.943610786731245,-4.655757883986216,0.17428481294517592,6,0.5,8,0.5333333333333333,1.3375275555445467,1.7833700740593956,0.42857142857142855,0.28888888888888886,0.7057642548533204,0.7887472672249527,0.4722374129788456,0.5164835164835165
"Alex Ovechkin","F","Washington",0.13310943097952846,-0.13310943097952846,20.342956122400373,-0.5010225667316175,0.12180958246668064,0,0,0,0,1.6127225893157116,2.015903236644639,0.4444444444444444,0.46153846153846156,0.599114142035371,0.6570450240235649,0.47694126526579206,0.5803571428571429
"Aliaksei Protas","F","Washington",0.18406040367419174,-0.18406040367419174,20.297675679761348,2.0748928895371375,0.3443871540256812,0,0,0,0,2.2505157431911504,1.1252578715955752,0.6666666666666666,0.21739130434782608,0.9069510655594153,0.3838435767824954,0.7026300201509347,0.5208333333333334
"Anthony Beauvillier","F","Washington",0.3923251423839913,-0.09798144706242107,21.873275924338735,-2.937483907807421,0.30758152196373495,0,0,0,0,1.4717184766078513,2.0604058672509917,0.4166666666666667,0.3,0.5988505513924014,0.8676577938184871,0.4083512742004102,0.3620689655172414
"Brandon Duhaime","F","Washington",0.23337765038685074,0.02274255536304816,22.812774924096214,-3.438707783344101,0.18854159043575727,0,0,0,0,1.7928414402492925,1.7928414402492925,0.5,0.15151515151515152,0.581735344585726,0.7599990476851417,0.43356967514348854,0.4391891891891892
"Connor McMichael","F","Washington",0.26486456974864236,0.15504864818631833,22.6820155249356,0.5699697874390659,0.43005173397029645,5,0.8333333333333334,3,0.375,1.679652871739843,2.939392525544725,0.36363636363636365,0.22727272727272727,0.651994246304942,1.2214846760776292,0.3480125869127885,0.46
"Dylan Strome","F","Washington",0.15907639317875105,-0.15907639317875105,18.06300177298798,3.53862874636782,0.3165919104639134,9,0.42857142857142855,14,0.6666666666666666,2.2744092853661635,0.3249156121951662,0.875,0.3620689655172414,0.9073443920219766,0.37149183119619916,0.7095078912752842,0.5703125
"Hendrix Lapierre","F","Washington",0.38827749131556943,0.09026773120795886,21.690396427909327,-4.314607116404433,0.2774415717429965,3,0.2727272727272727,3,0.6,1.9141808900941133,2.3927261126176416,0.4444444444444444,0.4666666666666667,0.757017190719547,0.7627993203636364,0.49809775403743684,0.6097560975609756
"Ivan Miroshnichenko","F","Washington",0.1596433323746224,-0.1596433323746224,19.979083583891036,-7.454976993782849,0.3347451417686305,0,0,0,0,0,0,0,0,0.53007910777444,0,1,0.8333333333333334
"Nic Dowd","F","Washington",0.0019951248644468384,-0.0019951248644468384,22.71957817400146,-11.073410061939766,0.059259609565194674,0,0,13,0.52,0.9068010075566743,1.8136020151133485,0.3333333333333333,0.025,0.23812816681424862,0.658723186093771,0.265515758037409,0.4
"Pierre-Luc Dubois","F","Washington",0.09868215836512256,0.19769463533193074,19.621953999758226,3.3840828244938215,0.3016353426992379,14,0.5,8,0.5333333333333333,1.185507174788213,2.6673911432734796,0.3076923076923077,0.484375,0.513012892266176,0.8042812840227367,0.3894444395946836,0.5267175572519084
"Sonny Milano","F","Washington",0.06934826896672487,-0.06934826896672487,22.609954819144722,-3.941784844952477,0.2391568501268469,0,0,0,0,1.9635114129100852,2.4543892661376066,0.4444444444444444,0.52,0.722794877536605,1.0124786654634665,0.41653080026044936,0.5616438356164384
"T.J. Oshie","F","Washington",0.031363299584831736,-0.031363299584831736,20.47403884480148,1.1581428339029138,0.15611789966437556,0,0,0,0,1.7782695461460933,1.4226156369168748,0.5555555555555556,0.2830188679245283,0.7641169704916955,0.7057534950425818,0.5198532717057825,0.5663716814159292
"Tom Wilson","F","Washington",0.23103271459510236,-0.23103271459510236,18.68298090947865,3.5338244617130137,0.13672681538207937,0,0,0,0,2.615763086600444,0.3736804409429206,0.875,0.34545454545454546,0.9499280994655969,0.3448575353532793,0.7336566562993104,0.5803571428571429
"Adam Lowry","F","Winnipeg",0.13559559652280126,0.4972935423963652,30.72415370814123,-14.178354590788961,0.24014794770737605,4,0.4,18,0.5625,1.8986674167574993,3.164445694595832,0.375,0.12345679012345678,0.7398958413341739,1.4406839943858718,0.3393115121097385,0.43119266055045874
"Alex Iafallo","F","Winnipeg",0.006994830624986473,-0.006994830624986473,27.982417017840334,-8.456522989923913,0.10600766725883626,0,0,0,0,1.409351306912347,1.8791350758831293,0.42857142857142855,0.07692307692307693,0.4443071881671742,0.971880493224345,0.3137346793827541,0.32926829268292684
"Axel Jonsson-Fjällby","F","Winnipeg",0.248311020682153,-0.248311020682153,24.24648866895412,2.1223596838764247,0.33726465841108405,0,0,0,0,0,2.964426877470357,0,0.16666666666666666,0.36026078864825295,1.4383849073897403,0.2002955831945254,0.47058823529411764
"Cole Perfetti","F","Winnipeg",0.1828100460525221,-0.1828100460525221,28.84533087546511,2.637958376867689,0.1156298665478808,0,0,0,0,1.8202042673677852,5.4606128021033555,0.25,0.2,0.4530134369048748,2.2027924072252447,0.17057475715181825,0.4666666666666667
"David Gustafsson","F","Winnipeg",0.23605325938838514,0.47005061633733314,26.42350704224971,-8.843532792430025,0.19370858129889462,2,1,4,0.6666666666666666,1.4122077514514366,1.4122077514514366,0.5,0.09523809523809523,0.5633221840633449,1.0182741365819301,0.35617317561380984,0.30612244897959184
"Gabriel Vilardi","F","Winnipeg",0.25050427050404156,-0.25050427050404156,29.467988021458524,0.17639517031537427,0.2500464805386961,0,0,0,0,2.7484692553175245,3.573010031912782,0.43478260869565216,0.5,0.9712804210708027,1.4870395882980245,0.39509926184108907,0.5243243243243243
"Gustav Nyquist","F","Winnipeg",0.07718525861905075,0.12750324527855947,24.744369724274826,-0.6413438794944206,0.2602751753152943,3,0.6,0,0,1.6375080311808818,1.6375080311808818,0.5,0.5523809523809524,0.8473771515864607,0.7211934531153945,0.5402225115314623,0.5172413793103449
"Kyle Connor","F","Winnipeg",0.27601617895388103,0.17237242450244789,28.4441885765535,2.2593315209939853,0.23374229486352147,0,0,0,0,3.138720224194303,3.3629145259224673,0.4827586206896552,0.494949494949495,1.063912194002547,1.4111645256857954,0.4298501882949767,0.555045871559633
"Mark Scheifele","F","Winnipeg",0.3355819081913625,0.08848881738186941,28.968790279728857,-0.11780507198194318,0.318255365327172,26,0.6341463414634146,8,0.42105263157894735,2.3323889906527757,3.604601167372471,0.39285714285714285,0.5050505050505051,0.9075527972336053,1.5861311040910724,0.36394059277180296,0.5188284518828452
"Nino Niederreiter","F","Winnipeg",0.43311906681298773,-0.43311906681298773,31.35719396049603,-12.849485096776254,0.2533527833307483,0,0,0,0,2.729030057233824,2.0467725429253685,0.5714285714285714,0.16923076923076924,1.1521381039896,1.3793662319800903,0.45511994098492203,0.45161290322580644
"Phillip Di Giuseppe","F","Winnipeg",0.14201788147331953,0.05240121048151029,20.303843129487827,-4.160530812087779,0.19370111314186106,0,0,0,0,1.5553527356386385,1.5553527356386385,0.5,0.2345679012345679,0.5710634978998056,0.7333675228560368,0.4377874251786095,0.4717948717948718
"Vladislav Namestnikov","F","Winnipeg",0.26385993443948075,0.3068258396323627,27.537488278393546,-7.808197647030994,0.3394640539264395,1,1,0,0,2.2827430962873736,1.7120573222155302,0.5714285714285714,0.12903225806451613,0.8136932433619534,1.2259172376507033,0.3989454118503836,0.36231884057971014
